rho_mm,phi_degrees,theta_degrees,Width_mm,Height_mm,Volume_Î¼L,R_sph_mm,Voltage_V,Intensity_A,Time_sec,Aspect_ratio,Acoustic Pressure_Pa,Pa_error,Pa_error_percent,Acoustic pressure_dB
"[[0.93052834 0.93066726 0.93205526 ... 0.91478931 0.92048699 0.92371148]
 [0.91907174 0.92304842 0.92335181 ... 0.9046983  0.91302706 0.91261794]
 [0.91347531 0.91749973 0.91760931 ... 0.90392    0.90724296 0.91353821]
 ...
 [0.4529154  0.45296297 0.45304224 ... 0.4536759  0.45347006 0.45304224]
 [0.44731497 0.44410843 0.44433477 ... 0.44391433 0.44362302 0.44352587]
 [0.44721863 0.44725074 0.44731497 ... 0.44488398 0.44459331 0.44753969]]","[[1.42556534e-02 2.23995117e-02 5.89946002e-02 ... 6.19815177e+00
  6.22757261e+00 6.24009085e+00]
 [4.12368797e-03 2.05309957e-02 3.28423962e-02 ... 6.18247455e+00
  6.22503887e+00 6.23333060e+00]
 [1.45218007e-02 2.68530478e-02 3.09818189e-02 ... 6.21815110e+00
  6.22675991e+00 6.26451528e+00]
 ...
 [8.36800551e-03 1.67348393e-02 2.50993305e-02 ... 6.22467476e+00
  6.23301823e+00 6.25808598e+00]
 [2.11832716e-02 5.54985052e-02 6.40149778e-02 ... 6.23621134e+00
  6.25327970e+00 6.26182104e+00]
 [4.23726278e-03 1.27111798e-02 2.11832716e-02 ... 6.20216646e+00
  6.21066315e+00 6.24506819e+00]]","[[1.55654067 1.54839682 1.51180173 ... 1.65582987 1.62640903 1.61389078]
 [1.56667264 1.55026533 1.53795393 ... 1.67150708 1.62894277 1.62065103]
 [1.55627453 1.54394328 1.53981451 ... 1.63583054 1.62722172 1.58946636]
 ...
 [1.56242832 1.55406149 1.545697   ... 1.62930687 1.6209634  1.59589566]
 [1.54961306 1.51529782 1.50678135 ... 1.61777029 1.60070194 1.5921606 ]
 [1.56655906 1.55808515 1.54961306 ... 1.65181517 1.64331849 1.60891345]]","[297. 298. 301. 307. 310. 314. 312. 318. 323. 324. 324. 329. 334. 336.
 336. 337. 341. 344. 344. 345. 342. 340. 337. 333. 332. 329. 327. 322.
 322. 318. 314. 313. 310. 307. 305. 299. 296. 294. 291. 290. 289. 290.
 291. 292. 293. 295. 299. 302. 302. 304. 306. 305. 308. 308. 308. 310.
 312. 314. 314. 316. 312. 311. 308. 305. 303. 302. 300. 298. 296. 295.
 290. 289. 286. 284. 283. 280. 277. 276. 272. 270. 267. 268. 268. 272.
 273. 275. 274. 275. 277. 276. 277. 278. 279. 279. 280. 281. 282. 281.
 281. 282. 280. 279. 277. 276. 274. 271. 269. 267. 265. 262. 261. 260.
 258. 257. 254. 252. 251. 250. 248. 245. 244. 244. 245. 244. 244. 245.
 246. 246. 246. 246. 245. 247. 246. 246. 246. 246. 246. 246. 246. 246.
 244. 242. 241. 240. 237. 236. 235. 233. 232. 229. 228. 226. 223. 222.
 220. 218. 218. 216. 215. 214. 214. 212. 213. 212. 212. 212. 212. 212.
 211. 211. 210. 210. 209. 208. 208. 209. 207. 207. 206. 205. 204. 203.
 200. 199. 198. 196. 194. 193. 192. 191. 189. 187. 186. 184. 183. 182.
 181. 179. 177. 176. 175. 174. 174. 173. 172. 171. 171. 170. 169. 168.
 167. 167. 166. 164. 163. 162. 161. 161. 160. 158. 157. 156. 153. 153.
 151. 149. 148. 146. 144. 143. 142. 141. 138. 137. 136. 134. 133. 131.
 129. 128. 126. 125. 123. 123. 121. 120. 118. 117. 116. 114. 112. 111.
 109. 108. 106. 284. 282. 288. 296. 299. 301. 303. 310. 313. 316. 318.
 322. 324. 323. 326. 329. 330. 333. 338. 335. 332. 330. 325. 322. 321.
 317. 314. 310. 307. 303. 302. 300. 298. 294. 293. 288. 284. 282. 280.
 277. 279. 280. 283. 284. 287. 289. 291. 293. 294. 297. 298. 299. 301.
 302. 302. 303. 307. 307. 308. 305. 301. 299. 297. 295. 292. 291. 286.
 286. 284. 282. 279. 276. 274. 272. 269. 267. 265. 263. 261. 261. 262.
 261. 262. 263. 263. 265. 265. 267. 268. 268. 268. 268. 270. 270. 271.
 271. 271. 271. 272. 269. 267. 266. 265. 262. 261. 259. 256. 256. 254.
 251. 249. 247. 245. 244. 243. 241. 239. 237. 235. 234. 234. 233. 234.
 233. 234. 234. 235. 234. 235. 234. 235. 235. 234. 235. 234. 234. 234.
 234. 234. 231. 230. 229. 227. 226. 223. 221. 221. 218. 217. 215. 213.
 212. 210. 209. 208. 206. 204. 203. 201. 200. 199. 199. 199. 198. 198.
 198. 197. 197. 196. 196. 195. 195. 194. 194. 192. 193. 191. 191. 191.
 189. 188. 186. 185. 183. 182. 180. 179. 177. 175. 174. 172. 170. 169.
 168. 166. 165. 163. 162. 160. 290. 291. 296. 301. 308. 311. 314. 321.
 324. 329. 332. 336. 344. 345. 346. 350. 354. 356. 351. 348. 347. 339.
 340. 339. 335. 336. 327. 325. 319. 318. 313. 310. 308. 306. 302. 298.
 291. 290. 286. 292. 292. 296. 305. 304. 305. 310. 313. 314. 311. 315.
 317. 319. 323. 325. 326. 328. 329. 330. 326. 325. 322. 318. 318. 314.
 310. 311. 307. 304. 301. 299. 297. 296. 291. 288. 285. 284. 282. 278.
 277. 279. 280. 280. 282. 283. 286. 289. 288. 290. 291. 293. 296. 296.
 296. 297. 297. 299. 299. 297. 295. 294. 292. 288. 288. 286. 283. 279.
 276. 274. 271. 270. 268. 266. 265. 262. 262. 259. 258. 258. 257. 259.
 259. 261. 261. 261. 261. 262. 263. 265. 264. 265. 265. 265. 267. 265.
 265. 264. 263. 260. 257. 255. 253. 252. 251. 248. 247. 245. 243. 241.
 240. 238. 236. 234. 232. 230. 230. 230. 229. 230. 230. 230. 230. 230.
 229. 230. 231. 230. 229. 229. 230. 229. 229. 229. 229. 227. 226. 224.
 222. 221. 219. 218. 217. 215. 213. 212. 210. 208. 206. 205. 204. 202.
 200. 199. 197.]","[491. 487. 484. 477. 472. 469. 468. 463. 456. 454. 453. 448. 445. 444.
 441. 440. 430. 428. 428. 424. 424. 424. 424. 425. 421. 425. 424. 426.
 425. 422. 426. 424. 424. 425. 424. 425. 424. 424. 425. 425. 423. 420.
 419. 415. 414. 409. 405. 402. 399. 397. 394. 392. 389. 386. 386. 383.
 380. 376. 379. 375. 372. 371. 374. 373. 371. 371. 374. 368. 370. 368.
 369. 367. 368. 367. 366. 367. 366. 365. 364. 364. 364. 362. 360. 356.
 353. 351. 350. 346. 344. 343. 340. 337. 336. 337. 334. 330. 329. 326.
 325. 323. 323. 322. 320. 318. 319. 319. 318. 316. 315. 318. 314. 312.
 312. 312. 312. 313. 309. 309. 308. 309. 307. 305. 303. 302. 298. 297.
 296. 294. 291. 288. 287. 286. 284. 282. 282. 279. 278. 276. 275. 273.
 270. 270. 270. 269. 267. 268. 266. 265. 264. 262. 260. 260. 260. 260.
 258. 258. 258. 254. 253. 252. 252. 251. 249. 247. 245. 244. 241. 237.
 237. 236. 238. 235. 232. 230. 229. 228. 225. 223. 224. 224. 220. 220.
 218. 217. 215. 214. 213. 212. 212. 213. 211. 210. 207. 207. 204. 204.
 202. 203. 200. 198. 195. 195. 192. 192. 190. 188. 187. 185. 183. 181.
 181. 178. 178. 177. 175. 173. 172. 170. 168. 166. 167. 163. 163. 163.
 161. 159. 157. 156. 155. 153. 152. 150. 148. 147. 145. 144. 142. 141.
 138. 137. 135. 134. 132. 130. 129. 127. 126. 124. 121. 120. 117. 116.
 114. 112. 110. 487. 485. 479. 471. 474. 464. 467. 453. 448. 444. 441.
 437. 435. 431. 427. 423. 422. 420. 413. 412. 411. 411. 411. 412. 411.
 415. 412. 414. 415. 412. 414. 412. 412. 412. 411. 415. 415. 414. 415.
 417. 410. 412. 403. 401. 398. 392. 392. 391. 387. 382. 380. 378. 374.
 370. 368. 365. 361. 363. 361. 360. 359. 361. 366. 360. 358. 357. 360.
 358. 355. 354. 354. 354. 354. 354. 353. 353. 353. 352. 352. 351. 347.
 345. 342. 340. 337. 336. 334. 330. 327. 327. 323. 324. 320. 319. 318.
 317. 311. 312. 309. 309. 308. 308. 305. 306. 307. 304. 303. 300. 303.
 301. 299. 299. 300. 299. 296. 295. 296. 294. 292. 292. 289. 289. 287.
 286. 285. 281. 280. 280. 276. 274. 271. 269. 268. 264. 265. 262. 261.
 261. 258. 257. 256. 256. 255. 253. 253. 251. 250. 249. 249. 247. 247.
 246. 244. 244. 243. 241. 239. 239. 239. 238. 237. 233. 231. 230. 227.
 226. 225. 222. 222. 221. 219. 216. 215. 213. 212. 211. 210. 208. 205.
 206. 204. 203. 201. 199. 199. 198. 197. 197. 194. 193. 192. 190. 189.
 188. 187. 185. 185. 182. 182. 531. 527. 523. 518. 510. 505. 501. 495.
 493. 488. 483. 478. 466. 464. 461. 455. 454. 452. 453. 452. 452. 455.
 456. 452. 453. 451. 455. 456. 454. 456. 458. 458. 457. 458. 459. 460.
 461. 461. 462. 456. 455. 450. 442. 441. 438. 432. 427. 426. 425. 422.
 418. 415. 415. 411. 407. 406. 403. 400. 403. 398. 400. 400. 401. 403.
 402. 400. 400. 399. 399. 398. 398. 399. 399. 398. 398. 398. 397. 398.
 397. 394. 391. 388. 386. 385. 381. 377. 376. 373. 372. 367. 362. 361.
 359. 357. 355. 354. 352. 351. 352. 346. 350. 347. 348. 349. 347. 345.
 347. 344. 344. 346. 343. 343. 343. 342. 340. 340. 339. 337. 336. 333.
 331. 328. 326. 326. 323. 322. 319. 315. 312. 310. 309. 307. 305. 304.
 302. 301. 300. 298. 299. 298. 298. 296. 295. 294. 293. 294. 293. 292.
 290. 291. 290. 290. 288. 288. 286. 285. 283. 281. 279. 276. 276. 274.
 272. 271. 268. 265. 264. 262. 259. 259. 258. 255. 254. 253. 252. 251.
 250. 250. 249. 248. 246. 245. 247. 244. 244. 242. 242. 242. 239. 237.
 239. 236. 236.]","[2.06696122 2.04749484 2.03129024 2.00940988 1.98234402 1.97673339
 1.95950857 1.94355445 1.91499793 1.90969664 1.89901679 1.88354751
 1.88710175 1.89273118 1.86180124 1.85473767 1.79957057 1.79742891
 1.78392437 1.76122455 1.75011907 1.73561098 1.72588744 1.7064322
 1.67587327 1.69500409 1.66782383 1.6675395  1.65858864 1.61452134
 1.63124707 1.60146291 1.58988118 1.57780297 1.5669524  1.53983422
 1.52632434 1.51251458 1.50683212 1.49652937 1.47749128 1.46677912
 1.4555911  1.43805063 1.43254887 1.40412028 1.39476177 1.3861575
 1.37282769 1.36521598 1.34679151 1.33755478 1.32673519 1.31218565
 1.30753838 1.29554382 1.27876535 1.26245952 1.27483512 1.26284779
 1.22716137 1.21135702 1.22580922 1.20299032 1.18192951 1.17927277
 1.18908804 1.14520625 1.14967064 1.13084494 1.12199196 1.10831215
 1.09995294 1.08666272 1.07597332 1.06933504 1.05610583 1.04057229
 1.03121889 1.01705498 1.00987659 0.99943895 0.99098867 0.9799811
 0.96345701 0.96086305 0.94958024 0.93038731 0.9305216  0.91798687
 0.90945534 0.89755039 0.89158466 0.90028873 0.88300376 0.86568531
 0.86263892 0.84722529 0.84204307 0.83071588 0.829744   0.81400278
 0.80254333 0.79069634 0.78746473 0.7856582  0.77231554 0.75649332
 0.74751112 0.75124975 0.73081994 0.71934958 0.71211552 0.71026746
 0.70325189 0.69931507 0.68037178 0.67421745 0.6677211  0.66069492
 0.64983011 0.641353   0.63506352 0.62753966 0.61432108 0.61107684
 0.60736664 0.60316511 0.59297077 0.58012807 0.57440127 0.56924517
 0.56255377 0.55463024 0.55461164 0.54253674 0.53550472 0.52954517
 0.52459586 0.51713006 0.5066139  0.50267339 0.49870534 0.48772511
 0.4800719  0.47884114 0.46860659 0.46247366 0.45677298 0.44375103
 0.43451576 0.4314608  0.42724233 0.4239534  0.41428134 0.40951325
 0.41112804 0.39597973 0.38920517 0.3808416  0.38449052 0.38024569
 0.36963908 0.36655077 0.36080067 0.35915777 0.34658481 0.33802542
 0.33336762 0.33031368 0.33430268 0.32829244 0.31698915 0.31213037
 0.30837176 0.30643816 0.29686487 0.29205864 0.29276825 0.28794796
 0.27819894 0.27368875 0.26844008 0.26361615 0.25815959 0.25281851
 0.24926243 0.24483803 0.24216492 0.24480235 0.23725291 0.23406549
 0.22642613 0.22404008 0.21441024 0.21249625 0.20752417 0.20623881
 0.19995097 0.19288956 0.18785438 0.18575985 0.18132528 0.17883349
 0.17554127 0.17108747 0.16739357 0.16347193 0.15880011 0.15572477
 0.15409114 0.14902304 0.1487524  0.14448632 0.14046848 0.13662217
 0.13463804 0.13071437 0.12703633 0.12390086 0.12418296 0.11727297
 0.11438263 0.11420015 0.10979168 0.10559416 0.10179497 0.09972216
 0.09646037 0.09425639 0.09139104 0.08860108 0.08582299 0.08265285
 0.08022284 0.0778219  0.07560965 0.07250907 0.06978969 0.06738707
 0.0646381  0.06290037 0.06023713 0.05829377 0.05642185 0.0538718
 0.05266924 0.0508913  0.04795496 0.04615249 0.0433029  0.04152203
 0.03968667 0.03782394 0.03610346 1.94927293 1.92895518 1.91344454
 1.89619608 1.93360811 1.86264598 1.90127161 1.82589495 1.79441127
 1.77845655 1.76353984 1.75169762 1.73379556 1.710235   1.69251589
 1.67031698 1.67345083 1.66660021 1.63945995 1.61402007 1.59327225
 1.5835628  1.56343187 1.56093922 1.53753132 1.55333576 1.51542725
 1.51582757 1.50497448 1.46733815 1.4800382  1.445249   1.44092702
 1.42666255 1.41259555 1.42099008 1.40027949 1.38571357 1.38085687
 1.3831432  1.33682867 1.3597005  1.31335612 1.30313459 1.29515742
 1.26583383 1.26979671 1.2728236  1.25536205 1.22995629 1.21744159
 1.21159414 1.19707848 1.17110897 1.16703587 1.14664086 1.13764152
 1.14302785 1.13729189 1.11837243 1.10141595 1.11156803 1.12778394
 1.08613288 1.06026038 1.05178885 1.0570379  1.04072578 1.01700538
 1.00322251 0.99627218 0.98578418 0.9726122  0.96868566 0.95058684
 0.9440736  0.93779748 0.92277431 0.91814073 0.91184291 0.89930848
 0.88357745 0.87249758 0.85762723 0.84456036 0.84511706 0.83995566
 0.82451849 0.8110714  0.81272296 0.79112409 0.79543767 0.78455135
 0.77773149 0.77584005 0.77201989 0.74503784 0.74643843 0.73487138
 0.72790012 0.71881283 0.71659998 0.69545384 0.69515844 0.69971569
 0.67844768 0.66442634 0.65256864 0.65759576 0.64545391 0.63447725
 0.62915655 0.6261413  0.61547362 0.60771651 0.5958139  0.59054762
 0.58430801 0.56973361 0.56448422 0.55406584 0.55114442 0.54381624
 0.54104643 0.53839348 0.52489164 0.51953598 0.52283559 0.5047528
 0.4997543  0.48735662 0.48148741 0.47746629 0.46374965 0.46641163
 0.45511796 0.45101299 0.4457485  0.44009706 0.43040743 0.42302484
 0.42431251 0.41748322 0.40959259 0.40302374 0.39591397 0.3904898
 0.3825559  0.37995711 0.37129216 0.36730166 0.36220072 0.3543881
 0.35383587 0.34835771 0.33807626 0.32963389 0.32671136 0.32330619
 0.31885692 0.31574441 0.30718433 0.30039912 0.29661142 0.28905205
 0.28549358 0.281351   0.27341049 0.27230407 0.27061123 0.2658609
 0.25600226 0.25407952 0.24666179 0.24367136 0.24263719 0.23767739
 0.23280202 0.22737319 0.22469379 0.21935679 0.21536264 0.21122739
 0.20439844 0.20236069 0.19772577 0.19623178 0.19341648 0.18574948
 0.18173365 0.17830892 0.17458103 0.17036067 0.16663205 0.16291295
 0.15885039 0.15776675 0.15127608 0.14975471 2.38394379 2.36572091
 2.35207372 2.33914066 2.32315323 2.29728984 2.27364125 2.25379539
 2.26189651 2.2427238  2.22102406 2.20201934 2.13407673 2.12686473
 2.09868853 2.07065617 2.07902331 2.06195896 2.05264177 2.03329239
 2.01699101 2.00372146 2.01698173 1.97902213 1.96881007 1.9554211
 1.93232483 1.9311138  1.882683   1.88859587 1.88684845 1.87202534
 1.84567601 1.83947465 1.82628909 1.80862704 1.78912092 1.77848412
 1.76326702 1.74884735 1.73751131 1.72109297 1.70307564 1.68871138
 1.67172048 1.6537276  1.62727786 1.62351367 1.60850346 1.59502813
 1.57548066 1.56198584 1.57528442 1.55532774 1.53362063 1.53033934
 1.51255866 1.50276671 1.50298562 1.45623378 1.46176288 1.4504824
 1.44875448 1.44862209 1.42337111 1.4171601  1.39809274 1.3767538
 1.36719848 1.35246935 1.34215767 1.33787186 1.32023154 1.30269513
 1.29089833 1.28261895 1.27197384 1.25547349 1.24765559 1.23626431
 1.22541453 1.20879648 1.19568187 1.1994013  1.18321292 1.16775031
 1.15964721 1.14957695 1.14222798 1.1245103  1.10347916 1.09643663
 1.08589877 1.0755541  1.06479902 1.06360369 1.05220636 1.04276509
 1.03597762 1.00109145 1.00967868 0.98971646 0.98316673 0.98456755
 0.96893659 0.94076227 0.9455285  0.9202744  0.91672633 0.91870848
 0.89648009 0.89049668 0.88520436 0.87623018 0.85794943 0.85268914
 0.84404992 0.83354783 0.82354033 0.81801119 0.80711701 0.79744016
 0.78961817 0.78152302 0.77088093 0.76905539 0.75713157 0.74140684
 0.73185667 0.72246958 0.71515916 0.70863852 0.70193217 0.69517289
 0.68667075 0.67836984 0.66786172 0.65447947 0.65109032 0.64244072
 0.63403615 0.6228602  0.61604147 0.6083776  0.60095093 0.5977895
 0.59181092 0.5800131  0.57400865 0.56915075 0.56294827 0.55620873
 0.54704678 0.54322662 0.53220439 0.5264116  0.51940292 0.51383866
 0.50537761 0.49823793 0.49403798 0.48946143 0.48312413 0.48006816
 0.46867645 0.4574494  0.45066126 0.44532854 0.43725119 0.43284488
 0.42834315 0.42171015 0.4159515  0.412769   0.40485637 0.39958588
 0.39273147 0.38966517 0.38400559 0.38067951 0.37238768 0.36297673
 0.36849061 0.35502605 0.35320655 0.34513585 0.34330485 0.34030166
 0.328722   0.32274722 0.32295412 0.31260496 0.3100389 ]","[0.7902198  0.78773124 0.7856476  0.78281651 0.77928588 0.77854998
 0.77628201 0.77416946 0.77035913 0.76964761 0.76821019 0.76611857
 0.76660016 0.76736168 0.76315877 0.76219242 0.75455938 0.75425993
 0.7523662  0.74916137 0.74758342 0.74551192 0.7441171  0.74131048
 0.73685865 0.7396519  0.73567702 0.73563521 0.73431662 0.72775477
 0.73025921 0.7257874  0.72403354 0.7221954  0.72053608 0.71635526
 0.7142541  0.71209344 0.71120055 0.70957594 0.70655413 0.70484243
 0.70304576 0.70021034 0.69931624 0.69465937 0.69311262 0.69168442
 0.6894601  0.68818349 0.68507363 0.68350389 0.68165592 0.67915498
 0.67835226 0.67627163 0.67333949 0.67046527 0.67264895 0.67053399
 0.66415741 0.6612939  0.66391339 0.65976789 0.655895   0.65540319
 0.65721651 0.64903039 0.64987268 0.64630594 0.64461496 0.64198443
 0.64036635 0.6377768  0.63567866 0.63436867 0.6317418  0.6286292
 0.62674    0.62385732 0.62238612 0.62023445 0.61848147 0.61618298
 0.61270004 0.61214968 0.60974421 0.60560817 0.6056373  0.60290556
 0.60103199 0.59839792 0.59706919 0.59900586 0.59514755 0.59123093
 0.59053659 0.5869982  0.58579892 0.58316032 0.58293282 0.57922295
 0.57649201 0.57364125 0.57285868 0.57242028 0.56916133 0.56524773
 0.56300167 0.56393871 0.55877966 0.55584085 0.55397132 0.55349169
 0.55166331 0.55063197 0.54561449 0.54396438 0.54221163 0.54030309
 0.53732503 0.53497831 0.53322379 0.53110965 0.52735403 0.52642407
 0.5253565  0.52414229 0.52117258 0.51738252 0.51567443 0.51412681
 0.51210436 0.50968867 0.50968297 0.50595689 0.50376141 0.50188567
 0.50031718 0.49793241 0.49453401 0.49324849 0.49194717 0.48830987
 0.48574226 0.48532681 0.48184415 0.47973286 0.47775356 0.4731697
 0.46986415 0.46876039 0.46722767 0.46602567 0.46245441 0.46067338
 0.46127809 0.45554168 0.45292886 0.44966104 0.45109257 0.44942638
 0.44520814 0.44396477 0.44163103 0.44095968 0.43575292 0.43213581
 0.43014175 0.42882423 0.43054355 0.42794776 0.42297879 0.42080653
 0.41911062 0.41823279 0.41383136 0.4115859  0.41191897 0.40964576
 0.40496947 0.40276907 0.40017773 0.39776613 0.39500254 0.39225946
 0.39041162 0.38808789 0.38667035 0.38806904 0.3840381  0.38231053
 0.3781052  0.37677236 0.37129489 0.37018676 0.36727668 0.36651684
 0.36275352 0.35843194 0.35528557 0.35396019 0.35112082 0.34950501
 0.34734699 0.34438419 0.34188763 0.33919663 0.33593408 0.33375135
 0.33258017 0.32889323 0.32869401 0.32552127 0.32247552 0.3195049
 0.31795066 0.31483155 0.3118505  0.30926343 0.30949796 0.30364754
 0.30113217 0.30097195 0.29704821 0.29321336 0.2896538  0.28767427
 0.28450295 0.2823194  0.27942913 0.27655624 0.27363502 0.27022347
 0.26754888 0.26485271 0.26231887 0.25868301 0.25540784 0.2524426
 0.24896215 0.24671082 0.24317853 0.24053475 0.23793202 0.23429209
 0.23253562 0.22988906 0.22537979 0.2225199  0.21784259 0.21481437
 0.21160146 0.20823771 0.20503125 0.77492799 0.77222616 0.77015077
 0.76782965 0.77284657 0.76327418 0.76851412 0.75822086 0.7538376
 0.75159673 0.7494895  0.74780812 0.7452519  0.74186075 0.7392898
 0.73604341 0.73650344 0.73549706 0.73148271 0.72767944 0.72454794
 0.72307314 0.71999606 0.71961321 0.71599796 0.71844288 0.71255025
 0.71261298 0.71090818 0.70493196 0.70695989 0.70137674 0.70067689
 0.6983571  0.69605423 0.6974303  0.69402541 0.69161057 0.69080163
 0.69118268 0.68338018 0.68725549 0.67935686 0.67758984 0.67620439
 0.67106208 0.67176163 0.67229498 0.66920647 0.66466124 0.66239926
 0.66133705 0.65868535 0.6538873  0.65312834 0.64930129 0.64759816
 0.6486186  0.64753181 0.64392104 0.64065013 0.64261247 0.64572227
 0.63767313 0.6325691  0.63087984 0.63192759 0.62866011 0.62384718
 0.62101614 0.61957868 0.61739685 0.61463464 0.61380641 0.60995959
 0.60856328 0.60721173 0.60395182 0.60293924 0.60155749 0.59878837
 0.59527641 0.59277772 0.58939075 0.58638209 0.5865109  0.58531446
 0.58170652 0.57852681 0.57891923 0.57374467 0.57478556 0.57215134
 0.57048867 0.57002582 0.5690887  0.56238005 0.56273223 0.55981033
 0.55803451 0.55570257 0.55513174 0.54961667 0.54953885 0.5507371
 0.54509967 0.54131834 0.53807878 0.53945696 0.53611613 0.53305966
 0.5315654  0.53071486 0.52768362 0.52545736 0.52200421 0.52046169
 0.51862217 0.51427381 0.51268947 0.50951572 0.50861864 0.50635432
 0.50549319 0.50466563 0.50041119 0.49870341 0.49975695 0.49392769
 0.49229185 0.48818686 0.4862192  0.48486188 0.48017366 0.48109065
 0.47717585 0.47573687 0.4738786  0.47186738 0.46837861 0.46568518
 0.46615721 0.46364275 0.46070313 0.458227   0.45551646 0.45342664
 0.45033472 0.44931266 0.44587083 0.44426772 0.44220152 0.43899897
 0.43877083 0.43649467 0.43215747 0.42852985 0.42725965 0.42577008
 0.42380793 0.42242442 0.41857198 0.41546714 0.41371356 0.41016867
 0.40847854 0.4064932  0.40263253 0.40208867 0.40125372 0.39889197
 0.39389917 0.39291055 0.38904911 0.38747049 0.38692155 0.384267
 0.38162139 0.37863162 0.37713846 0.37412853 0.37184383 0.36944847
 0.36542337 0.36420496 0.36140283 0.3604903  0.35875802 0.3539536
 0.35138422 0.34916295 0.34671248 0.34389583 0.3413684  0.33880957
 0.33596953 0.33520382 0.33054243 0.32943062 0.82870979 0.82659283
 0.8250003  0.82348541 0.82160502 0.81854469 0.81572626 0.81334592
 0.81431926 0.8120119  0.8093845  0.80706932 0.79868183 0.79778112
 0.79424251 0.79069039 0.79175397 0.78958181 0.78839075 0.78590565
 0.78379974 0.78207712 0.78379854 0.77885034 0.77750837 0.77574186
 0.77267556 0.77251411 0.76600134 0.76680242 0.76656585 0.76455319
 0.76094912 0.76009592 0.75827541 0.75582306 0.75309604 0.75160062
 0.74945085 0.7474023  0.74578391 0.74342742 0.74082411 0.73873545
 0.73624951 0.73359853 0.72966643 0.72910338 0.72684945 0.72481401
 0.72184091 0.71977401 0.72181093 0.71874985 0.7153904  0.71487983
 0.71210036 0.71056038 0.71059488 0.70314922 0.70403801 0.7022223
 0.70194335 0.70192196 0.69781962 0.69680315 0.69366395 0.69011673
 0.68851645 0.686035   0.68428703 0.68355789 0.68054027 0.67751367
 0.67546235 0.67401518 0.67214534 0.66922627 0.66783427 0.66579558
 0.66384212 0.66082763 0.65842909 0.65911111 0.65613232 0.6532616
 0.65174708 0.64985502 0.64846727 0.64509688 0.64104991 0.63968324
 0.63762731 0.63559609 0.63347043 0.63323329 0.63096331 0.62907046
 0.62770259 0.6205761  0.62234546 0.61821669 0.61684993 0.61714276
 0.61385941 0.60785094 0.60887574 0.60340593 0.60262947 0.60306349
 0.59815997 0.59682623 0.59564154 0.59362183 0.58946455 0.58825737
 0.58626393 0.58382224 0.58147639 0.58017215 0.57758508 0.57526749
 0.5733804  0.57141424 0.5688087  0.56835934 0.56540666 0.56146496
 0.55904377 0.5566433  0.55475944 0.55306823 0.55131801 0.54954265
 0.54729311 0.54507882 0.54224969 0.53860346 0.53767215 0.53528058
 0.5329361  0.52978622 0.52784585 0.52564782 0.52350014 0.52258053
 0.52083255 0.51734834 0.51555691 0.51409838 0.51222404 0.51017174
 0.50735501 0.50617126 0.50272438 0.50089375 0.49866084 0.49687375
 0.49413141 0.49179344 0.49040766 0.48888865 0.48676952 0.485741
 0.4818681  0.47798927 0.47561317 0.47372973 0.47084807 0.4692611
 0.46762861 0.46520226 0.46307503 0.46189099 0.4589205  0.45692036
 0.45429264 0.45310723 0.45090285 0.44959723 0.44630892 0.4425171
 0.44474657 0.43926224 0.43851055 0.43514482 0.43437395 0.43310363
 0.42813433 0.42552456 0.42561547 0.4210197  0.41986454]","[8.5  8.39 8.29 8.18 8.08 7.97 7.87 7.76 7.66 7.55 7.45 7.34 7.24 7.13
 7.03 6.92 6.82 6.71 6.61 6.5  6.61 6.7  6.79 6.89 6.98 7.08 7.17 7.26
 7.36 7.45 7.55 7.64 7.74 7.83 7.92 8.02 8.11 8.21 8.3  8.39 8.5  8.39
 8.29 8.18 8.08 7.97 7.87 7.76 7.66 7.55 7.45 7.34 7.24 7.13 7.03 6.92
 6.82 6.71 6.61 6.5  6.61 6.7  6.79 6.89 6.98 7.08 7.17 7.26 7.36 7.45
 7.55 7.64 7.74 7.83 7.92 8.02 8.11 8.21 8.3  8.39 8.5  8.39 8.29 8.18
 8.08 7.97 7.87 7.76 7.66 7.55 7.45 7.34 7.24 7.13 7.03 6.92 6.82 6.82
 6.61 6.5  6.61 6.7  6.79 6.89 6.98 7.08 7.17 7.26 7.36 7.45 7.55 7.64
 7.74 7.83 7.92 8.02 8.11 8.21 8.3  8.39 8.5  8.39 8.29 8.18 8.08 7.97
 7.87 7.76 7.66 7.55 7.45 7.34 7.24 7.13 7.03 6.92 6.82 6.71 6.61 6.5
 6.61 6.7  6.79 6.89 6.98 7.08 7.17 7.26 7.36 7.55 7.64 7.74 7.83 7.92
 8.02 8.11 8.21 8.3  8.39 8.5  8.39 8.29 8.18 8.08 7.97 7.87 7.76 7.66
 7.55 7.45 7.34 7.24 7.13 7.03 6.92 6.82 6.71 6.61 6.5  6.61 6.7  6.79
 6.89 6.98 7.08 7.17 7.26 7.36 7.45 7.55 7.64 7.74 7.83 7.92 8.02 8.11
 8.21 8.3  8.39 8.5  8.39 8.29 8.18 8.08 7.97 7.87 7.76 7.66 7.55 7.45
 7.34 7.24 7.13 7.03 6.92 6.82 6.71 6.61 6.5  6.61 6.7  6.79 6.89 6.98
 7.08 7.17 7.26 7.36 7.45 7.55 7.64 7.74 7.83 7.92 8.02 8.11 8.21 8.3
 8.39 8.5  8.39 8.29 8.18 8.08 7.97 7.87 7.76 7.66 7.55 7.45 7.34 7.24
 7.13 7.03 6.92 8.5  8.39 8.29 8.18 8.08 7.97 7.87 7.76 7.66 7.55 7.45
 7.34 7.24 7.13 7.03 6.92 6.82 6.71 6.5  6.61 6.7  6.79 6.89 6.98 7.08
 7.17 7.26 7.36 7.45 7.55 7.64 7.74 7.83 7.92 8.02 8.11 8.21 8.3  8.39
 8.5  8.39 8.29 8.18 8.08 7.97 7.87 7.76 7.66 7.55 7.45 7.34 7.24 7.13
 7.03 6.92 6.82 6.71 6.61 6.5  6.61 6.7  6.79 6.89 6.98 7.08 7.17 7.26
 7.36 7.45 7.55 7.64 7.74 7.83 7.92 8.02 8.11 8.21 8.3  8.39 8.5  8.39
 8.29 8.18 8.08 7.97 7.87 7.76 7.66 7.55 7.45 7.34 7.24 7.13 7.03 6.92
 6.82 6.71 6.61 6.5  6.61 6.7  6.79 6.89 6.98 7.08 7.17 7.26 7.36 7.45
 7.55 7.64 7.74 7.83 7.92 8.02 8.11 8.21 8.3  8.39 8.5  8.39 8.29 8.18
 8.08 7.97 7.87 7.76 7.66 7.55 7.45 7.34 7.24 7.13 7.03 6.92 6.82 6.71
 6.61 6.5  6.61 6.7  6.79 6.89 6.98 7.08 7.17 7.26 7.36 7.45 7.55 7.64
 7.74 7.83 7.92 8.02 8.11 8.21 8.3  8.39 8.5  8.39 8.29 8.18 8.08 7.97
 7.87 7.76 7.66 7.55 7.45 7.34 7.24 7.13 7.03 6.92 6.82 6.71 6.61 6.5
 6.61 6.7  6.79 6.89 6.98 7.08 7.17 7.26 7.36 7.45 7.55 7.64 7.74 7.83
 7.92 8.02 8.11 8.21 8.3  8.39 8.5  8.39 8.29 8.18 8.08 7.97 7.87 7.76
 7.66 7.55 7.45 7.34 7.03 6.92 6.82 6.71 6.61 6.5  6.61 6.7  6.79 6.89
 6.98 7.08 7.17 7.26 7.36 7.45 7.55 7.64 7.74 7.83 7.92 8.02 8.11 8.21
 8.3  8.39 8.5  8.39 8.29 8.18 8.08 7.97 7.87 7.76 7.66 7.55 7.45 7.34
 7.24 7.13 7.03 6.92 6.82 6.71 6.61 6.5  6.61 6.7  6.79 6.89 6.98 7.08
 7.17 7.26 7.36 7.45 7.55 7.64 7.74 7.83 7.92 8.02 8.11 8.21 8.3  8.39
 8.5  8.39 8.29 8.18 8.08 7.97 7.87 7.76 7.66 7.55 7.45 7.34 7.13 7.03
 6.92 6.82 6.71 6.61 6.5  6.61 6.7  6.79 6.89 6.98 7.08 7.17 7.26 7.45
 7.55 7.64 7.74 7.83 7.92 8.02 8.11 8.21 8.3  8.39 8.5  8.39 8.29 8.18
 8.08 7.97 7.87 7.76 7.66 7.55 7.45 7.24 7.13 7.03 6.92 6.82 6.71 6.61
 6.5  6.61 6.7  6.89 6.98 7.08 7.17 7.26 7.36 7.45 7.55 7.64 7.74 7.83
 7.92 8.02 8.11 8.21 8.3  8.39 8.5  8.39 8.29 8.18 8.08 7.97 7.87 7.76
 7.66 7.55 7.45 7.24 7.13 7.03 6.92 6.82 6.71 6.61 6.5  6.61 6.7  6.79
 6.89 6.98 7.08 7.17 7.26 7.36 7.45 7.55 7.64 7.74 7.83 7.92 8.02 8.11
 8.21 8.3  8.39]","[0.322 0.321 0.316 0.312 0.312 0.307 0.304 0.302 0.301 0.297 0.294 0.292
 0.291 0.286 0.284 0.281 0.279 0.276 0.272 0.269 0.272 0.276 0.279 0.282
 0.286 0.287 0.292 0.292 0.297 0.299 0.301 0.304 0.307 0.309 0.312 0.314
 0.316 0.317 0.321 0.324 0.326 0.324 0.321 0.317 0.314 0.311 0.309 0.307
 0.306 0.301 0.299 0.296 0.292 0.291 0.286 0.284 0.281 0.277 0.274 0.271
 0.274 0.277 0.281 0.282 0.284 0.291 0.292 0.296 0.299 0.302 0.306 0.307
 0.311 0.312 0.314 0.317 0.319 0.322 0.324 0.324 0.327 0.324 0.321 0.317
 0.316 0.314 0.311 0.307 0.304 0.301 0.297 0.296 0.294 0.289 0.287 0.286
 0.282 0.282 0.276 0.272 0.276 0.279 0.284 0.287 0.291 0.291 0.294 0.297
 0.301 0.301 0.304 0.306 0.311 0.314 0.316 0.316 0.319 0.322 0.326 0.326
 0.329 0.326 0.322 0.321 0.317 0.312 0.311 0.309 0.306 0.304 0.301 0.297
 0.296 0.291 0.287 0.286 0.284 0.279 0.276 0.272 0.276 0.279 0.282 0.286
 0.289 0.291 0.294 0.297 0.299 0.306 0.309 0.312 0.314 0.314 0.317 0.321
 0.322 0.324 0.329 0.331 0.326 0.322 0.321 0.317 0.314 0.312 0.309 0.307
 0.302 0.299 0.296 0.292 0.291 0.287 0.286 0.282 0.277 0.276 0.271 0.276
 0.279 0.282 0.286 0.289 0.292 0.296 0.299 0.301 0.302 0.306 0.307 0.311
 0.312 0.314 0.319 0.321 0.322 0.326 0.327 0.331 0.327 0.324 0.321 0.321
 0.316 0.314 0.311 0.306 0.304 0.301 0.299 0.294 0.292 0.289 0.286 0.284
 0.281 0.276 0.272 0.277 0.279 0.282 0.287 0.289 0.292 0.296 0.299 0.302
 0.304 0.307 0.309 0.311 0.312 0.316 0.319 0.321 0.322 0.326 0.327 0.331
 0.329 0.326 0.322 0.317 0.314 0.312 0.309 0.306 0.302 0.299 0.297 0.296
 0.294 0.287 0.286 0.346 0.341 0.337 0.336 0.332 0.329 0.326 0.324 0.321
 0.317 0.314 0.311 0.307 0.304 0.301 0.297 0.294 0.291 0.284 0.287 0.291
 0.294 0.297 0.301 0.304 0.307 0.309 0.312 0.314 0.316 0.319 0.322 0.326
 0.327 0.331 0.332 0.332 0.337 0.339 0.342 0.337 0.334 0.331 0.327 0.324
 0.322 0.319 0.316 0.312 0.311 0.306 0.304 0.301 0.299 0.296 0.291 0.289
 0.286 0.282 0.286 0.287 0.291 0.294 0.297 0.301 0.302 0.306 0.307 0.312
 0.314 0.317 0.321 0.322 0.324 0.327 0.329 0.331 0.332 0.336 0.339 0.336
 0.334 0.327 0.326 0.321 0.319 0.317 0.312 0.311 0.307 0.304 0.302 0.299
 0.296 0.292 0.289 0.286 0.284 0.281 0.284 0.287 0.291 0.294 0.297 0.299
 0.301 0.304 0.307 0.309 0.312 0.316 0.319 0.319 0.321 0.327 0.329 0.331
 0.334 0.334 0.337 0.334 0.331 0.326 0.324 0.321 0.317 0.316 0.312 0.309
 0.306 0.302 0.301 0.297 0.294 0.291 0.289 0.286 0.281 0.277 0.282 0.286
 0.289 0.291 0.294 0.297 0.301 0.304 0.306 0.309 0.311 0.314 0.317 0.319
 0.321 0.324 0.326 0.329 0.331 0.334 0.337 0.334 0.329 0.327 0.326 0.321
 0.319 0.316 0.314 0.311 0.306 0.302 0.301 0.297 0.296 0.292 0.289 0.284
 0.281 0.277 0.281 0.284 0.287 0.292 0.294 0.299 0.301 0.302 0.306 0.309
 0.312 0.314 0.314 0.319 0.322 0.324 0.326 0.327 0.329 0.334 0.327 0.326
 0.322 0.319 0.317 0.312 0.311 0.309 0.306 0.302 0.301 0.297 0.287 0.286
 0.282 0.279 0.276 0.272 0.276 0.279 0.282 0.286 0.289 0.292 0.297 0.299
 0.302 0.302 0.304 0.307 0.311 0.314 0.316 0.317 0.321 0.322 0.324 0.327
 0.329 0.326 0.322 0.319 0.319 0.316 0.312 0.311 0.307 0.306 0.299 0.296
 0.294 0.291 0.289 0.287 0.284 0.282 0.277 0.272 0.277 0.279 0.284 0.287
 0.291 0.292 0.294 0.299 0.302 0.302 0.306 0.309 0.312 0.314 0.317 0.317
 0.319 0.324 0.326 0.329 0.329 0.329 0.324 0.319 0.316 0.314 0.312 0.311
 0.307 0.304 0.301 0.299 0.292 0.291 0.287 0.284 0.281 0.276 0.274 0.277
 0.279 0.282 0.287 0.287 0.292 0.296 0.299 0.304 0.307 0.309 0.312 0.314
 0.316 0.319 0.321 0.324 0.327 0.329 0.332 0.329 0.326 0.322 0.319 0.316
 0.314 0.309 0.306 0.302 0.301 0.297 0.294 0.291 0.287 0.286 0.281 0.277
 0.272 0.279 0.281 0.289 0.289 0.292 0.297 0.299 0.302 0.304 0.307 0.311
 0.312 0.314 0.316 0.321 0.321 0.324 0.326 0.329 0.332 0.327 0.324 0.322
 0.319 0.317 0.312 0.309 0.307 0.304 0.302 0.297 0.292 0.289 0.287 0.284
 0.281 0.277 0.274 0.277 0.281 0.284 0.287 0.291 0.294 0.296 0.299 0.302
 0.304 0.306 0.309 0.311 0.316 0.316 0.319 0.322 0.324 0.324 0.326]","[  2.10277843   4.25796819   6.41344476   8.56819391  10.72215152
  12.87781835  15.03333998  17.18930674  19.34388852  21.5022428
  23.65710044  25.81265593  27.96768928  30.12268877  32.27681375
  34.4304049   36.58459234  38.73857951  40.89303899  43.04713988
  45.20140123  47.35712004  49.51045156  51.66446733  53.81874299
  55.97545838  58.12992287  60.28642654  62.44787931  64.60211658
  66.75585961  68.90915942  71.06389642  73.21873498  75.37352633
  77.53126335  79.68564487  81.84237528  83.99911284  86.15590191
  88.3125968   90.46637297  92.62072635  94.77736878  96.93140197
  99.08564615 101.24322605 103.39737606 105.55238652 107.70660734
 109.86537409 112.02209306 114.1791873  116.33315039 118.48726749
 120.641433   122.79605246 124.95023942 127.10520935 129.26253772
 131.41617966 133.57010937 135.72453618 137.87896109 140.03311133
 142.190768   144.34335279 146.4975369  148.65529275 150.81311202
 152.970438   155.12436318 157.27791572 159.43539739 161.58893967
 163.74304533 165.89707589 168.05127692 170.20519304 172.35911465
 174.51222539 176.66628885 178.82440186 180.97873998 183.13664937
 185.29039812 187.45509052 189.60914135 191.76316619 193.9212997
 196.07567286 198.23339772 200.39153934 202.54514289 204.69918847
 206.85756493 209.0124352  211.16726518 213.324754   215.47810531
 217.63319397 219.78692746 221.94201589 224.09545851 226.24914098
 228.4023366  230.56114769 232.71411014 234.86754847 237.02164674
 239.1752429  241.33213496 243.49061394 245.64667869 247.80283046
 249.95778751 252.11176062 254.27037501 256.42339325 258.57939553
 260.73686934 262.89358401 265.04745364 267.20607829 269.3595798
 271.51218081 273.66924024 275.82134771 277.97464871 280.12761092
 282.28676486 284.44735122 286.60107493 288.759202   290.91841364
 293.07889986 295.23114562 297.38440609 299.53740525 301.69084382
 303.84915257 306.00334907 308.15739655 310.3141346  312.46735764
 314.62017727 316.77959418 318.93942237 321.09938407 325.41240931
 327.56607103 329.71943212 331.87311983 334.02628589 336.18035984
 338.33233023 340.48535228 342.63860774 344.79863977 346.95141816
 349.10444736 351.25687599 353.41640353 355.56952715 357.72287607
 359.87624073 362.02969408 364.18263364 366.33713174 368.49653816
 370.65002441 372.8028748  374.95639443 377.10939097 379.26275229
 381.42366552 383.57765675 385.73569942 387.89566064 390.04870462
 392.2101264  394.37110043 396.53017855 398.6824131  400.8356185
 402.98827338 405.14130855 407.29428625 409.44839096 411.6013813
 413.75426197 415.91464329 418.06740165 420.2201426  422.37336874
 424.53220725 426.68560791 428.83866405 430.99105716 433.14385676
 435.29726505 437.4503808  439.60357857 441.76429152 443.91718459
 446.07829142 448.23034406 450.38274932 452.53575015 454.69801426
 456.85914326 459.01215315 461.1641016  463.31660533 465.46934819
 467.62163138 469.78369808 471.93620849 474.09511089 476.2478888
 478.40418768 480.5567255  482.71451068 484.86701703 487.02734804
 489.17995048 491.33214664 493.48442459 495.63649225 497.79867649
 499.96004581 502.1195581  504.28818107 506.44147372 508.60437655
 510.75576282 512.91817546 515.07063603 517.22313404 519.38053346
 521.53361773 523.68619442 525.8397274  527.99204779 530.14497066
 532.29720306 534.45133901 536.61193442 538.76470852 540.9171133
 543.06963086 545.22814751 547.38982534 549.54240632 551.6941452
   2.10193467   4.26395226   6.42096734   8.58494258  10.74068403
  12.89582348  15.05081987  17.2100842   19.36690426  21.52425218
  23.67894816  25.83897877  27.99330902  30.14901328  32.30302858
  34.46594572  36.62037945  38.77594185  43.1042521   45.26328158
  47.41734171  49.57238603  51.73324656  53.89204288  56.05230021
  58.20746112  60.3699398   62.52394247  64.67897177  66.84332275
  68.99756527  71.15696406  73.31622171  75.4751935   77.63002849
  79.78591824  81.94812608  84.1096313   86.27168012  88.42813182
  90.58314538  92.74228024  94.90961981  97.06863952  99.23590279
 101.40031004 103.55473566 105.70920753 107.86376238 110.03119326
 112.1952281  114.35794497 116.52380967 118.678123   120.8362031
 122.99014831 125.15298247 127.3122828  129.47214961 131.63022089
 133.78920364 135.94828272 138.10551047 140.26264596 142.42111897
 144.58853745 146.74261713 148.90093923 151.0615766  153.21568894
 155.36894011 157.52275014 159.68217659 161.84655762 164.00056362
 166.15481877 168.31482267 170.47490692 172.63396049 174.78693914
 176.94524884 179.09820676 181.25168037 183.40527654 185.55814672
 187.72475553 189.89116645 192.04593754 194.20526743 196.3641603
 198.51900697 200.67714906 202.83044863 204.98482871 207.13892365
 209.29342437 211.4473145  213.6171751  215.78309822 217.95405936
 220.11323929 222.26700401 224.42625809 226.58693075 228.74771237
 230.90695286 233.06719327 235.22795081 237.3882556  239.55316091
 241.71853471 243.87723827 246.03497529 248.1934557  250.35322094
 252.50723791 254.66818738 256.82211924 258.97493362 261.14054775
 263.29382205 265.4539125  267.61794257 269.78153777 271.94014764
 274.09455752 276.25620747 278.41496921 280.57599211 282.73390818
 284.89225054 287.0513885  289.20339346 291.36197233 293.52164268
 295.68023682 297.83769035 299.98994374 302.14989424 304.30907059
 306.46492648 308.62539625 310.78788638 312.9465282  315.10457158
 317.25753593 319.41896868 321.57593703 323.72999167 325.89617062
 328.0489006  330.2021637  332.35544133 334.50921035 336.66210699
 338.81510544 340.9685061  343.1218617  345.27443361 347.42702413
 349.58013558 351.74159265 353.89537907 356.04822874 358.20067453
 360.35655594 362.51803136 364.68159556 366.83503079 368.99066162
 371.14393854 373.29716635 375.45040917 377.61559367 379.76867628
 381.92090774 384.07402277 386.22712255 388.39078784 390.54419255
 392.70755935 394.87452221 397.02709317 399.17991281 401.34123898
 403.49433875 405.6464026  407.79864812 409.95177317 412.10514283
 414.26809645 416.42118597 418.57661986 420.74159241 422.90859604
 425.06104541 427.2195828  429.37821078 431.52993178   2.1023891
   4.26662326   6.42245793   8.58912468  10.75397587  12.91749001
  15.08108068  17.24229765  19.40541482  21.5700562   23.7255919
  25.89667106  32.38083959  34.54025412  36.71202636  38.86712337
  41.02742577  43.18398213  45.34660792  47.50572681  49.66441464
  51.82345438  53.97846651  56.13676667  58.29313374  60.45066428
  62.60842109  64.76376534  66.9271667   69.09108567  71.24652028
  73.40952396  75.56470919  77.72361779  79.87874508  82.0345583
  84.1937294   86.34868407  88.50362062  90.65950489  92.82200384
  94.99090672  97.15501308  99.31699181 101.48205829 103.65710783
 105.82619619 107.99516463 110.15947723 112.31436396 114.47303748
 116.63243079 118.79250693 120.95261645 123.12342525 125.29197884
 127.45762825 129.61676335 131.781394   133.94608712 136.10091615
 138.25741124 140.41823626 142.57747316 144.74265146 146.90695071
 149.07262158 151.22724771 153.38567734 155.53995776 157.6948216
 159.85495615 162.00916934 164.16410518 166.3185575  168.47622514
 170.63015461 172.78404641 174.94369364 177.10346866 179.25842667
 181.4139564  183.5727427  185.72717261 187.89086199 190.04921722
 192.20418048 194.3796773  196.53407621 198.68867493 203.00676179
 205.16065049 207.32498145 209.48901582 211.65599823 213.8092382
 215.96404839 218.1178422  220.27762914 222.43211889 224.59066534
 226.75069714 228.91865921 231.08213639 233.24307179 237.5710597
 239.72445083 241.88914633 244.05299187 246.21066141 248.37228513
 250.54065728 252.70690322 254.8686595  257.02507019 259.18574572
 261.33961797 263.49370837 265.64742756 267.80152082 269.95542002
 272.11373591 274.27345729 276.43265033 278.59163213 280.74580693
 282.90459299 287.21508884 289.38216686 291.54302597 293.69685841
 295.85041022 298.0140388  300.17702532 302.33371544 304.49647284
 306.66108561 310.99264026 313.14668703 315.29941988 317.45873189
 319.62737536 321.79107428 323.95500898 326.1083746  328.26360893
 330.42247248 332.59707475 334.7507596  336.90506005 339.05900717
 341.21332717 343.37338138 345.5270443  347.68071938 349.83362126
 351.98665142 354.14702725 356.31295204 358.46595812 360.62658715
 362.78614306 364.9400425  367.09244823 369.25116682 373.55884886
 375.72145081 377.87555814 380.02967906 382.18265224 384.33557677
 386.49465203 388.64835167 390.80121088 392.9543314  395.11361885
 397.27692509 399.43010068 401.58420587 403.73727798 405.89086342
 408.04419899 410.2069242  412.37460184 414.52865601 416.68513298
 418.85307693 421.01707292 423.16989589 425.32450724 427.47824955
 429.64238429 431.80449939]","[1.65319865 1.63422819 1.60797342 1.55374593 1.52258065 1.49363057
 1.5        1.45597484 1.41176471 1.40123457 1.39814815 1.36170213
 1.33233533 1.32142857 1.3125     1.30563798 1.26099707 1.24418605
 1.24418605 1.22898551 1.23976608 1.24705882 1.25816024 1.27627628
 1.26807229 1.29179331 1.29663609 1.32298137 1.31987578 1.32704403
 1.3566879  1.35463259 1.36774194 1.38436482 1.39016393 1.42140468
 1.43243243 1.44217687 1.4604811  1.46551724 1.46366782 1.44827586
 1.43986254 1.42123288 1.41296928 1.38644068 1.35451505 1.33112583
 1.32119205 1.30592105 1.2875817  1.2852459  1.26298701 1.25324675
 1.25324675 1.23548387 1.21794872 1.19745223 1.20700637 1.18670886
 1.19230769 1.19292605 1.21428571 1.22295082 1.22442244 1.22847682
 1.24666667 1.23489933 1.25       1.24745763 1.27241379 1.26989619
 1.28671329 1.29225352 1.29328622 1.31071429 1.32129964 1.32246377
 1.33823529 1.34814815 1.36329588 1.35074627 1.34328358 1.30882353
 1.29304029 1.27636364 1.27737226 1.25818182 1.24187726 1.24275362
 1.22743682 1.21223022 1.20430108 1.2078853  1.19285714 1.17437722
 1.16666667 1.16014235 1.15658363 1.14539007 1.15357143 1.15412186
 1.15523466 1.15217391 1.16423358 1.17712177 1.18215613 1.1835206
 1.18867925 1.21374046 1.20306513 1.2        1.20930233 1.21400778
 1.22834646 1.24206349 1.2310757  1.236      1.24193548 1.26122449
 1.25819672 1.25       1.23673469 1.23770492 1.22131148 1.2122449
 1.20325203 1.19512195 1.18292683 1.17073171 1.17142857 1.15789474
 1.15447154 1.14634146 1.14634146 1.13414634 1.1300813  1.12195122
 1.11788618 1.1097561  1.10655738 1.11570248 1.12033195 1.12083333
 1.12658228 1.13559322 1.13191489 1.13733906 1.13793103 1.1441048
 1.14035088 1.15044248 1.16591928 1.17117117 1.17272727 1.18348624
 1.18348624 1.17592593 1.17674419 1.17757009 1.17757009 1.18396226
 1.16901408 1.16509434 1.15566038 1.1509434  1.13679245 1.11792453
 1.12322275 1.11848341 1.13333333 1.11904762 1.11004785 1.10576923
 1.10096154 1.09090909 1.08695652 1.07729469 1.08737864 1.09268293
 1.07843137 1.08374384 1.09       1.09045226 1.08585859 1.09183673
 1.09793814 1.0984456  1.10416667 1.11518325 1.11640212 1.12299465
 1.11290323 1.125      1.1147541  1.12087912 1.1160221  1.13407821
 1.1299435  1.125      1.11428571 1.12068966 1.10344828 1.10982659
 1.10465116 1.0994152  1.09356725 1.08823529 1.08284024 1.07738095
 1.08383234 1.06586826 1.07228916 1.07926829 1.07361963 1.06790123
 1.06832298 1.05590062 1.05       1.05063291 1.06369427 1.04487179
 1.06535948 1.06535948 1.06622517 1.06711409 1.06081081 1.06849315
 1.07638889 1.06993007 1.07042254 1.06382979 1.07246377 1.0729927
 1.06617647 1.07462687 1.06766917 1.07633588 1.06976744 1.0703125
 1.07142857 1.072      1.07317073 1.05691057 1.0661157  1.05833333
 1.06779661 1.05982906 1.04310345 1.05263158 1.04464286 1.04504505
 1.04587156 1.03703704 1.03773585 1.71478873 1.71985816 1.66319444
 1.59121622 1.58528428 1.54152824 1.54125413 1.46129032 1.4313099
 1.40506329 1.38679245 1.35714286 1.34259259 1.33436533 1.30981595
 1.28571429 1.27878788 1.26126126 1.22189349 1.22985075 1.23795181
 1.24545455 1.26461538 1.27950311 1.28037383 1.30914826 1.31210191
 1.33548387 1.35179153 1.35973597 1.37086093 1.37333333 1.38255034
 1.40136054 1.40273038 1.44097222 1.46126761 1.46808511 1.48214286
 1.50541516 1.46953405 1.47142857 1.42402827 1.41197183 1.38675958
 1.35640138 1.34707904 1.33447099 1.31632653 1.28619529 1.27516779
 1.26421405 1.24252492 1.22516556 1.21854305 1.20462046 1.17589577
 1.18241042 1.17207792 1.18032787 1.19269103 1.20735786 1.23232323
 1.22033898 1.2260274  1.22680412 1.25874126 1.25174825 1.25
 1.25531915 1.2688172  1.2826087  1.2919708  1.30147059 1.31226766
 1.32209738 1.33207547 1.33840304 1.348659   1.34482759 1.32442748
 1.32183908 1.30534351 1.29277567 1.28136882 1.26792453 1.26037736
 1.23595506 1.22014925 1.22014925 1.20522388 1.20895522 1.18518519
 1.18148148 1.17343173 1.1697417  1.14760148 1.15129151 1.13602941
 1.14869888 1.15355805 1.15789474 1.1509434  1.16793893 1.17624521
 1.17374517 1.18359375 1.171875   1.19291339 1.19920319 1.20080321
 1.21052632 1.2244898  1.22540984 1.218107   1.22406639 1.23849372
 1.24050633 1.24255319 1.24786325 1.23504274 1.24034335 1.22649573
 1.22746781 1.21794872 1.2008547  1.19148936 1.1965812  1.17446809
 1.17094017 1.15319149 1.14468085 1.14529915 1.12340426 1.13247863
 1.11965812 1.11538462 1.11538462 1.1025641  1.11255411 1.11304348
 1.11790393 1.12334802 1.11946903 1.13452915 1.13574661 1.13122172
 1.14220183 1.14746544 1.14883721 1.15962441 1.16037736 1.16190476
 1.16746411 1.16826923 1.16990291 1.17156863 1.1773399  1.18905473
 1.19       1.19095477 1.17085427 1.16080402 1.16161616 1.14646465
 1.14141414 1.14213198 1.12690355 1.13265306 1.12755102 1.12307692
 1.10769231 1.10824742 1.09793814 1.10416667 1.09326425 1.09947644
 1.08900524 1.07329843 1.08994709 1.08510638 1.09139785 1.08648649
 1.08743169 1.09340659 1.1        1.10055866 1.11299435 1.10857143
 1.1091954  1.11627907 1.11764706 1.1183432  1.11904762 1.12650602
 1.12121212 1.13496933 1.12345679 1.1375     1.83103448 1.81099656
 1.76689189 1.72093023 1.65584416 1.62379421 1.5955414  1.54205607
 1.52160494 1.48328267 1.45481928 1.42261905 1.35465116 1.34492754
 1.33236994 1.3        1.28248588 1.26966292 1.29059829 1.29885057
 1.30259366 1.34218289 1.34117647 1.33333333 1.35223881 1.3422619
 1.39143731 1.40307692 1.42319749 1.43396226 1.46325879 1.47741935
 1.48376623 1.49673203 1.51986755 1.54362416 1.58419244 1.58965517
 1.61538462 1.56164384 1.55821918 1.52027027 1.44918033 1.45065789
 1.43606557 1.39354839 1.36421725 1.3566879  1.36655949 1.33968254
 1.31861199 1.30094044 1.28482972 1.26461538 1.24846626 1.23780488
 1.22492401 1.21212121 1.23619632 1.22461538 1.24223602 1.25786164
 1.26100629 1.28343949 1.29677419 1.28617363 1.3029316  1.3125
 1.3255814  1.33110368 1.34006734 1.34797297 1.37113402 1.38194444
 1.39649123 1.40140845 1.40780142 1.43165468 1.433213   1.41218638
 1.39642857 1.38571429 1.36879433 1.36042403 1.33216783 1.30449827
 1.30555556 1.2862069  1.27835052 1.25255973 1.22297297 1.21959459
 1.21283784 1.2020202  1.1952862  1.18394649 1.17725753 1.18181818
 1.19322034 1.17687075 1.19863014 1.20486111 1.20833333 1.22027972
 1.22614841 1.23655914 1.25724638 1.25547445 1.26937269 1.28148148
 1.27985075 1.28947368 1.29433962 1.30534351 1.29770992 1.31274131
 1.31395349 1.30620155 1.307393   1.28571429 1.27799228 1.25670498
 1.24904215 1.24904215 1.23754789 1.22900763 1.21292776 1.18867925
 1.18181818 1.16981132 1.16603774 1.15849057 1.1423221  1.14716981
 1.13962264 1.14015152 1.14068441 1.14615385 1.16342412 1.16862745
 1.17786561 1.17460317 1.1752988  1.18548387 1.18623482 1.2
 1.20576132 1.21161826 1.20833333 1.22268908 1.22881356 1.23931624
 1.24137931 1.25217391 1.24347826 1.23913043 1.23580786 1.22173913
 1.21304348 1.2        1.2        1.19130435 1.18777293 1.17826087
 1.16017316 1.15217391 1.15283843 1.1441048  1.12608696 1.13100437
 1.12663755 1.11353712 1.10917031 1.11453744 1.11504425 1.12053571
 1.12612613 1.13122172 1.1369863  1.13761468 1.13364055 1.13953488
 1.15962441 1.1509434  1.16190476 1.16346154 1.17475728 1.1804878
 1.17156863 1.17326733 1.195      1.18592965 1.19796954]","[3385.7219334  3364.82945857 3318.66469064 3236.1418998  3164.67611991
 3106.71605329 3110.8831625  3026.65122947 2904.01659886 2878.19286053
 2874.75293645 2772.85213846 2656.9938568  2638.88614259 2605.51994159
 2572.54158544 2448.14767676 2373.96537104 2367.65063988 2333.23299082
 2359.17887324 2410.56132099 2461.7474763  2534.80586661 2533.03028678
 2596.11790653 2627.99335557 2720.50874934 2728.05766031 2773.18207323
 2861.4181417  2860.83676235 2919.64053952 2959.7114425  3011.23178625
 3108.87690283 3137.40762779 3168.06131095 3220.88417116 3234.53641363
 3251.15308948 3212.28998908 3197.0178161  3150.89780017 3134.63536369
 3042.22119216 2946.79595807 2885.5024008  2843.17834159 2795.91078258
 2745.25326334 2735.53038279 2661.41472041 2599.24048963 2598.32610674
 2539.63028375 2477.39766253 2384.6029531  2394.13536859 2321.40491422
 2333.18367402 2358.15590505 2471.20190565 2500.16693282 2549.5922597
 2564.39392891 2653.83165037 2604.82239821 2681.55836077 2676.87642704
 2804.79850933 2798.71478803 2884.34756471 2891.92731304 2934.5366014
 2994.64467578 3031.85498942 3061.76101356 3126.7750238  3190.3968167
 3253.59726718 3203.31230757 3174.12077318 3069.37786145 2986.87986994
 2944.14450284 2949.6196274  2860.6468499  2803.94767642 2801.1171081
 2727.35828915 2655.78592885 2615.80475578 2635.47504375 2563.18897034
 2435.98241334 2409.62962983 2399.24588044 2349.02494872 2280.75473321
 2355.45962481 2354.4617819  2371.4805271  2369.82308407 2469.26356801
 2534.08330164 2566.09760295 2586.52193315 2636.6826418  2770.64838613
 2743.75002605 2745.07860496 2796.95427934 2827.9988284  2914.12288114
 2987.11932615 2965.76450774 2986.39663511 3010.43923541 3104.31473489
 3124.92356223 3083.17900125 3016.31629058 3028.3632525  2934.86801463
 2882.10763591 2841.0213546  2815.3912886  2760.88712381 2663.17935069
 2681.68705818 2586.73513476 2566.02963042 2509.37319831 2514.21156544
 2398.64917924 2363.94977556 2343.39680672 2304.18220083 2215.64130351
 2218.36740283 2286.83853594 2354.69128142 2365.17206847 2398.44394885
 2481.32185769 2486.19901626 2523.71679558 2558.47974683 2626.63587017
 2620.2132153  2706.95203118 2798.24884423 2853.09337791 2846.92627911
 2934.44769503 3010.35047579 2950.13135378 2972.16772865 2958.00137202
 3028.19884409 3023.93587985 2938.15832124 2865.89326713 2836.76325889
 2820.01251276 2698.55884978 2596.67076661 2556.42381134 2566.85462901
 2614.30963594 2575.67857182 2419.83603997 2409.99213499 2348.29972356
 2353.99133509 2212.35305397 2168.63214793 2205.39362055 2281.46744316
 2155.06948048 2233.12994974 2270.07948714 2312.37221975 2304.08115469
 2378.70831019 2430.65969464 2451.14989795 2512.55838451 2701.14382272
 2658.69569574 2739.56173103 2683.95881117 2795.84842386 2690.07537294
 2792.83137029 2797.06415983 2932.27830748 2919.44057635 2898.04313692
 2789.640359   2792.80658819 2729.90852295 2752.32984503 2725.43060942
 2645.89401391 2604.25171584 2485.00042621 2404.72032234 2435.3466681
 2478.52451499 2285.81608053 2426.05148624 2422.06939406 2324.863562
 2185.34607853 2250.48941283 2138.10063822 2014.46325392 2032.95267717
 2300.5756069  2090.25931022 2225.09303453 2416.01873401 2376.70227102
 2346.2179576  2254.39984719 2411.23910354 2515.76694247 2532.39339793
 2541.05071463 2541.73053041 2587.75410214 2579.32601947 2646.00505242
 2660.2806976  2715.96060101 2742.2256781  2753.8485384  2800.40826915
 2693.75356844 2791.17681385 2730.84461673 2635.17109203 2649.52520827
 2528.63683438 2654.43726881 2649.58496633 2509.07981433 2609.83672918
 2500.82905406 2453.6720349  2477.27756531 2301.81398738 2328.20370525
 3573.55549779 3592.68330375 3500.61388852 3368.88711371 3333.19766444
 3255.81408414 3247.85382294 3091.16217471 3036.67457886 2956.32564585
 2892.17900932 2806.04419418 2776.77547411 2738.97277126 2688.07661971
 2588.94579015 2550.36724144 2481.58703489 2340.10676264 2391.8169459
 2430.82496033 2447.58787469 2546.00193665 2617.57730409 2639.15104008
 2710.97283354 2735.74562071 2837.65953349 2898.4785045  2934.36958372
 2978.66769096 2994.87685186 3037.7000796  3096.08381177 3109.81262499
 3216.18948502 3272.8611929  3311.28025062 3351.10878147 3407.54830485
 3345.09128197 3336.55875283 3231.96707581 3192.59334233 3126.23420028
 3025.72224858 2998.04181155 2963.20516452 2900.89898771 2815.33905937
 2751.86477464 2711.79905569 2622.65740441 2542.13225381 2525.25694023
 2441.53545565 2317.28353031 2319.97867511 2277.36297516 2329.27356841
 2432.25584667 2512.60738301 2594.47995343 2584.40320785 2616.80592584
 2632.13320374 2791.37131274 2767.2836557  2778.92559695 2807.51187341
 2861.561925   2936.74730645 2977.30179383 3026.84331309 3087.79307912
 3131.77569149 3174.07503317 3213.52414442 3236.53173518 3259.81259033
 3218.86100025 3188.08266775 3121.10902465 3085.87587576 3043.91492286
 2973.87373646 2932.12702028 2860.2778073  2757.6389069  2787.69206006
 2691.79562218 2705.63326041 2597.66403275 2572.15452353 2525.96424594
 2497.09197658 2372.35462593 2373.38272252 2282.04535027 2348.0422807
 2413.20265848 2447.65310883 2429.52217984 2540.25476481 2622.17858431
 2601.04142876 2643.30804432 2644.81317784 2750.61227055 2777.52569318
 2806.80767836 2885.74765494 2970.38681998 2971.30735074 2949.69535339
 2986.81208897 3079.81137742 3096.89240776 3139.72490025 3162.78550266
 3116.77556739 3117.48725538 3047.85104107 3053.96155699 3025.78561278
 2923.22595683 2871.59309782 2894.55915267 2763.02474069 2739.55169526
 2625.23537838 2572.18046426 2576.79128073 2427.71751959 2487.30602194
 2418.72037953 2375.05643216 2357.47668021 2286.15722313 2346.88540005
 2308.04184669 2419.40225045 2507.43778886 2495.27462119 2551.57309676
 2607.85863461 2626.66631057 2673.94160747 2710.67398833 2730.2032161
 2814.74577993 2856.82541831 2881.24508537 2945.4681593  2996.45744957
 2977.93844807 3019.98260612 3052.00666344 3114.36973424 3138.02586774
 3127.49345883 3063.2694476  2956.44603925 2985.57793327 2878.37441323
 2831.81241952 2834.99747105 2664.39359747 2752.69525803 2759.51467661
 2705.60277428 2575.84791135 2558.60673314 2422.96320167 2469.61372264
 2492.99404061 2421.26459056 2383.34664186 2242.93802242 2334.06146065
 2329.42997027 2436.94495646 2420.21697226 2386.80118599 2537.15390784
 2620.90864088 2710.52110172 2752.17652861 2698.77111597 2768.98888523
 2815.41426443 2897.34443161 2893.75367136 2947.6196717  2965.78544162
 2988.65783236 3120.13150618 2997.09533401 3153.37379122 3537.21954
 3512.05698577 3464.73987734 3385.29318112 3285.15442208 3225.93822297
 3194.51114743 3107.72696433 3039.5966008  2962.50938363 2902.94756394
 2806.18432418 2653.44497017 2613.50670179 2584.99109573 2493.29887278
 2428.13842349 2387.29965396 2461.44690938 2500.80912742 2525.83203693
 2639.9842538  2650.15702483 2638.5076238  2702.5518818  2686.50880401
 2855.87663557 2889.01748544 2951.90275373 2977.81967804 3051.19389064
 3094.09004578 3128.62243825 3168.03969488 3221.8481417  3290.43863825
 3389.09236276 3406.32289815 3494.0782671  3366.4250062  3353.64017294
 3291.56969464 3125.23357713 3110.2888998  3073.03991096 2969.46137669
 2889.92558142 2870.83788594 2894.74474125 2814.18686127 2750.20533054
 2701.68271395 2618.73275301 2535.56648898 2474.12128291 2439.36215779
 2378.99861812 2352.56836256 2446.50201063 2410.69648822 2478.35279382
 2562.84731509 2588.50187306 2684.86530196 2739.58906012 2696.46904459
 2783.84334576 2824.56382589 2869.11759234 2897.69836649 2944.13022602
 2979.58781271 3060.77636553 3092.85974144 3164.22045027 3190.2718894
 3219.21238588 3292.92169741 3321.89643503 3239.25674364 3199.19441972
 3167.77867559 3126.38921397 3093.24573479 3016.38069997 2914.25714888
 2917.7449829  2843.36125717 2810.57371161 2722.69190598 2589.36837005
 2564.45765669 2535.12910216 2461.50708046 2468.53461506 2376.98363627
 2351.0690073  2379.94129063 2437.15560411 2389.28679333 2509.1470008
 2543.7813004  2582.8682595  2625.22885405 2698.66113305 2734.99632453
 2842.92497111 2866.00278922 2926.48826554 2972.18666475 2986.76054324
 3056.18060384 3081.56872937 3116.63067247 3089.26085389 3192.13692062
 3213.9022288  3155.1967293  3175.07334151 3109.16919646 3060.67903047
 2966.54164251 2967.3590856  2943.69851551 2903.40294335 2833.11204971
 2753.6888598  2637.79126733 2592.05509381 2540.54213448 2477.97056175
 2465.63071168 2369.16750942 2381.82255114 2330.41097564 2342.18255289
 2350.73296704 2443.83020504 2554.42194388 2595.7598049  2620.36617653
 2649.93552357 2634.30687818 2737.61670049 2738.14188517 2836.41840101
 2908.5817027  2947.93377646 2933.89241864 3010.64171833 3055.31168922
 3098.55361505 3157.63223754 3204.54341699 3207.19431424 3181.66028587
 3143.28429245 3077.96308273 3036.14536319 2951.6962874  2944.14740543
 2928.07751443 2895.10498784 2841.19448116 2731.68804229 2681.16086477
 2646.32464706 2565.71707955 2495.67774771 2471.29762493 2446.57372222
 2389.80554768 2330.07407853 2392.53921852 2416.79245453 2475.65019592
 2509.45465872 2605.15972505 2642.35027    2648.81244922 2653.0529569
 2675.38556142 2831.32384324 2797.29114202 2915.26160277 2905.11818786
 3001.38244862 3060.67793881 3023.12290942 3039.91680883 3174.69271811
 3148.56909087 3252.50571182]","[18.88699783 18.75614857 18.40767353 17.95766592 15.96434869 15.70280661
 15.92676324 14.42947436 14.45324909 13.64530087 13.53264624 12.35044195
 12.00304038 11.8785301  11.23554529 10.60083955 10.63997183 11.17541514
 10.26515432  9.74958414  9.68681442  9.87933957 10.23409629 10.7350963
 10.7765298  11.20810943 10.80294029 11.60497612 11.99143082 12.61975694
 12.39962896 13.4978289  12.86825063 13.97846684 14.74836861 15.00496674
 15.50635155 15.79357196 16.86084327 16.79600359 16.5771433  15.85193398
 16.58387541 14.7789234  15.51010182 14.35427922 13.27964478 12.82398548
 12.6840689  12.40887579 11.53697858 11.56917982 11.23786619 11.06553677
 10.07045356  9.86714403  9.89980627  9.47280654  9.65265315  9.8710385
  9.20554405  9.81821908 10.1140471  10.21526743 11.17029087 10.00116849
 10.66483903 10.48664219 11.63667662 11.91788226 12.57138421 11.72074618
 12.83402073 12.50367593 12.23958363 13.50880664 12.39761818 13.61775715
 13.14348463 15.1279729  14.77526004 14.49060491 13.3323409  12.53392141
 12.94340807 12.30001823 12.33982889 10.94910717 11.32220065 11.32435833
 10.7344261  11.46964043 10.23971886 10.1542918  10.51440277  9.76809793
 10.61552331  9.66968672  9.29119422  9.23317038  9.34938905 10.17365283
 10.80126662 10.81473978 10.36994176 10.86565458 10.43136581 10.206142
 10.23432171 10.3092732  11.01129626 11.34603033 11.15122807 12.25103267
 11.74288802 11.95135063 13.12713674 12.92233018 12.91246826 12.51505453
 13.53199137 13.00889198 12.21282829 11.27428609 11.93497174 12.23429082
 11.15977537 11.9885669  11.08173571 10.40025694 11.12434386 10.29333718
 11.10519678 10.11513441 10.28065209  9.42160214 11.36256173 11.13029014
 10.64612421  9.34758186 11.91275078 10.81056534  9.56976776 10.15503936
  9.98587036 10.66077084 10.0849523  10.98478132 10.56021807 12.37041536
 12.74449268 11.07991237  9.89865267 11.53082738 11.09110394 10.70975716
 11.64807015 11.81191351 11.90259678 11.39010643 12.07799164 11.94256008
 11.33504331  9.95295198 10.2478375  12.07045937 12.03465977 10.79735086
 12.9739376  10.50348502 11.75559658 14.09870939 12.0569019  10.29007382
 11.97138587 13.63445364 13.66162549 10.04816484 13.82412475 15.58487507
  9.75780882 12.15924566 15.34819135 14.96151221 16.58430892 14.41267714
 11.04215186 13.99454684 15.44307196 11.94566309 12.52493195 13.5131175
 13.07238504 14.92685698 13.42720242 12.05802306 11.64298043 13.60361795
 17.3737532  17.40013858 16.59109246 15.11047287 13.89786129 14.90133451
 15.64305264 16.63866456 15.08854293 20.58407121 21.86208172 15.6673501
 18.34074405 14.43923206 16.28902733 18.9299472  26.08718752 18.25731179
 21.98086233 20.09678284 18.65647267 27.1516143  25.19506287 21.90668291
 21.80216023 22.38845874 29.60419319 21.6338842  25.25486193 20.62083917
 24.34573166 34.89854152 16.35640666 31.9821221  26.4736902  31.62737961
 19.61943073 34.55329011 28.8654091  26.52465138 20.66490637 20.96734882
 19.06144293 27.43296846 36.23904918 35.44176546 37.63973679 41.11372599
 37.87571264 37.02355814 41.66777126 26.65017924 38.54889927 32.10532003
 47.50631131 47.99873153 64.20029326 20.74749664 21.42629782 20.63150194
 18.87288353 19.18926683 16.88261106 17.99453718 15.68399197 15.22212036
 13.87848681 12.85069393 12.94002459 12.24618708 11.87949695 11.80410945
 11.42891287 10.85984452 10.51826736 10.55646545 10.77516582 10.9618806
 11.27621992 12.15458021 12.46547654 12.17787188 12.73880338 12.76284434
 13.03835816 13.8536683  14.58026699 13.71340588 14.94839044 15.56747511
 15.65842868 16.24420041 17.12521495 17.30407498 16.52996305 17.43760068
 19.07276455 17.61248901 17.83357492 15.88558292 15.62763859 15.02116733
 13.5138897  13.83943967 13.13334827 12.79797986 11.73724497 12.41640497
 11.5226441  11.29616379 11.24273666 10.20152611 10.43610314 11.26467829
 10.92607339  9.91357797 11.32560661 10.75333436 11.01015126 11.27916598
 10.75012644 11.64117311 10.9970153  12.17835952 11.79680927 12.50573693
 12.23459351 11.88125377 12.03563766 12.26270782 12.84127945 13.92817676
 14.11259472 14.10414022 15.1357643  14.77472633 14.83764442 15.25033314
 14.21247863 13.89414804 13.950008   14.27749332 12.5819364  12.45384346
 12.2837495  11.48566381 12.21500443 12.32935747 10.95551677 11.423205
 11.79960665 10.89931977 11.12042914 11.71834499 10.39967796 10.95533811
 10.48013004 10.93971198 11.70302672 11.63095434 10.33323787 10.74336723
 10.04238194 11.82915621 10.83319184 11.22950639 12.22387674 12.03203142
 12.12848108 12.82685163 12.10409247 13.28847233 13.03552083 13.37037018
 12.63817258 11.87720108 13.53897875 13.30475794 14.55431401 13.20213124
 13.06404807 13.54582434 12.35530828 11.51057936 11.69409368 12.80916168
 11.43744515 10.04150902 10.31491146 10.40729938 12.23065678 10.21333599
 10.17518652 11.41239133 10.66842075 11.85898107 10.56960288 11.13218942
 10.07194318 11.74667766 12.1376994  11.53302501 10.15767317 10.01248823
 11.97842887 10.64829331 11.35745395 11.35329679 11.30868032 12.01926097
 11.81880908 12.75634477 13.10584116 11.89962932 14.31864111 12.59318477
 13.90241736 13.69702372 12.13676393 13.76852938 13.37953477 12.52742492
 14.54832686 11.41694858 13.30853697 15.48211055 13.74327797 12.04592411
 16.75621337 12.63827605 12.72114579 15.16134712 15.35629596 15.70891916
 19.92974498 18.3729209  15.7423416  15.45250127 11.52560326 16.79630936
 16.46555115 20.44166556 15.93339439 15.88813613 14.24186968 16.25753137
 15.6502952  14.6571725  13.45317853 18.32139325 13.26530811 17.88779643
 15.39096877 14.04329331 19.23419253 18.87377956 24.2436623  24.76496125
 22.81368745 21.30439751 18.14557877 17.29251998 16.71895627 16.56537437
 14.99219881 14.3126108  13.47432618 12.51685669 11.41347639 10.80999146
 10.4967741  11.08814543  9.90202598  9.51457644  9.51658501 10.28024881
 10.8246882   9.36603125 10.94953099 10.89667682 11.18552372 11.69344143
 13.20757223 13.70525521 13.23055397 13.95174053 14.65231064 14.10335104
 15.14113249 16.11797645 16.93159645 17.37240143 19.06057125 18.93671754
 19.74279303 17.66594843 17.28113769 17.06739728 15.62757696 14.64797701
 14.59232854 13.39401516 13.00817762 12.89923411 12.12320364 11.94302904
 11.36688453 11.90593211 11.02464107 10.0540117  10.21439744  9.96125534
  9.63583909  9.0272012   9.5406114  10.56205336 10.2768095  10.28655677
 10.92610861 11.28296974 11.98789479 11.57896292 11.50280483 11.93601283
 12.50796419 12.54357092 13.65831831 13.62277924 14.13239211 14.5221754
 14.85409521 15.5178514  15.08372335 16.63138316 17.11951252 14.81926775
 15.91926933 14.57483011 13.11109413 12.94985589 13.09401388 12.43429198
 11.8155724  11.91548844 11.57612933 11.2429834  11.13372094 11.12623783
  9.87399402 10.75177028  9.05467454  8.79491461  8.48483152  8.86072285
  9.50735441  8.56856653 10.36046552  9.83947378 10.10935872  9.61197589
 10.32317204 10.42788252 11.68616627 12.07899602 11.82867759 12.1250386
 12.69645144 12.73366661 12.90818485 13.38519082 12.29275334 13.54785056
 13.53594448 12.66741557 13.48491004 12.71988131 12.76796903 13.3683297
 12.913037   12.82681931 11.05089997 10.75594456 10.57906501  9.76922226
  9.99739013 10.09747339  9.14867008 11.28178845 10.43293282 10.03306153
  9.97230769  9.29278295 11.14537443 10.39936166 11.57233283  9.19200885
 10.03867309 10.92176628 10.81260567 12.02153504 11.43107899 12.53816574
 11.05379365 11.70211974 12.10723686 11.49906997 11.08930642 11.89771115
 12.25164998 12.32967591 12.82846691 12.08944753 11.79229017 11.24834648
 12.17633254 11.33730598 11.3111586  11.03616203 11.03169862 11.45028555
 11.70158945  9.54844549 10.41439375 11.55439408 11.65602346  9.24996641
 11.24400454 11.76077932  9.91819672 11.08867182 12.40558261 11.06099696
 10.91942946 11.2922878  10.85690156  9.7331623  10.05700976 12.43534338
 12.24629029 11.38243972 12.40615237 11.09659367 12.3277056  12.95550477
  9.53978502 11.22131202 12.7107229  10.55645583 13.69023288]","[0.55784256 0.55741751 0.55467109 0.55490972 0.50445442 0.50544711
 0.51196919 0.47674718 0.49769857 0.47409265 0.47074119 0.44540572
 0.45175266 0.45013424 0.43122085 0.41207651 0.43461315 0.47074887
 0.43355866 0.41785729 0.4106011  0.40983565 0.41572486 0.42350763
 0.42544023 0.43172575 0.41107183 0.42657375 0.43955929 0.45506413
 0.43333859 0.47181402 0.44074777 0.47229154 0.48977859 0.48264911
 0.4942409  0.49852482 0.52348493 0.51927081 0.50988504 0.49347768
 0.51872953 0.46903849 0.49479764 0.47183549 0.4506469  0.44442817
 0.44612287 0.44382231 0.42025188 0.42292273 0.4222516  0.42572193
 0.38757466 0.38852679 0.39960505 0.3972488  0.40317909 0.4252183
 0.39454862 0.41635157 0.40927644 0.40858341 0.43812068 0.39000125
 0.4018657  0.40258569 0.43395202 0.445216   0.44820989 0.4187903
 0.44495403 0.43236481 0.41708744 0.45109881 0.40891198 0.44476878
 0.42035274 0.47417214 0.45412074 0.45236316 0.42003257 0.40835381
 0.4333421  0.41777903 0.41835323 0.38274935 0.403795   0.40428007
 0.39358328 0.43187368 0.39145578 0.38529266 0.41020787 0.40099214
 0.44054585 0.40303025 0.39553408 0.40482961 0.39692419 0.432101
 0.45546512 0.4563522  0.41996091 0.42878048 0.40650698 0.39458942
 0.38815144 0.37208883 0.40132287 0.4133226  0.39869183 0.43320501
 0.40296475 0.40009619 0.44262236 0.43270643 0.42892307 0.40315031
 0.43303432 0.42193113 0.40489216 0.37228975 0.40666128 0.42449111
 0.39280857 0.42582241 0.40138315 0.39052034 0.41482632 0.39792776
 0.43277742 0.40309406 0.40890163 0.39278783 0.48066003 0.47496395
 0.46203483 0.42189058 0.53700531 0.47272972 0.40641284 0.42935732
 0.41634787 0.42964079 0.40563737 0.43526204 0.41275363 0.47096042
 0.48639144 0.40931321 0.35374455 0.40415177 0.38958171 0.36496671
 0.38693402 0.40038602 0.40046854 0.38506089 0.39885068 0.3949343
 0.38578736 0.34728969 0.36125107 0.42802857 0.44596618 0.41581517
 0.50750339 0.40919672 0.44966351 0.54737845 0.49825284 0.42697541
 0.50978952 0.57920577 0.61751561 0.46334114 0.62683254 0.68310749
 0.45278395 0.54449342 0.6761081  0.64702006 0.71977972 0.60590351
 0.45428621 0.57093803 0.61463535 0.44224461 0.4710931  0.49325837
 0.4870561  0.53389364 0.49913852 0.43174906 0.41625718 0.46392656
 0.59510556 0.60040992 0.59473948 0.54104974 0.50909623 0.54140802
 0.57396628 0.62884849 0.57938113 0.8283327  0.90913199 0.64333141
 0.73998639 0.63168827 0.67142134 0.78156089 1.12209542 0.83544259
 0.97671476 0.93993624 0.92612623 1.33557532 1.09516344 1.04803661
 0.9798314  0.92666743 1.24559957 0.92207479 1.12024768 0.85519678
 0.96772603 1.37808531 0.64368675 1.25828138 1.02303732 1.22618775
 0.74147367 1.29885881 1.06280662 0.96726727 0.75040098 0.74872471
 0.70761643 0.98284596 1.32702714 1.34495121 1.42062195 1.62592451
 1.42688294 1.39733425 1.66067939 1.02114354 1.54144479 1.30846012
 1.91768222 2.08525675 2.75750327 0.58058415 0.59638705 0.58936811
 0.56021122 0.57570144 0.51853732 0.55404394 0.50738173 0.50127598
 0.46945054 0.44432568 0.46114828 0.44102187 0.43372089 0.43912846
 0.44145045 0.42581493 0.42385245 0.45111042 0.45050127 0.4509531
 0.46070746 0.4773987  0.47622191 0.46143141 0.46989786 0.4665216
 0.45947578 0.47796347 0.49687903 0.46038724 0.49913206 0.51247571
 0.50574951 0.52235303 0.53246909 0.52871399 0.49920157 0.52035317
 0.55972103 0.52651744 0.53449006 0.49151438 0.48949669 0.48048759
 0.44663352 0.46161597 0.44321427 0.44117289 0.41690343 0.45119968
 0.42490774 0.43071443 0.44225617 0.40397973 0.42744016 0.48611567
 0.47095577 0.43530953 0.48622913 0.44211362 0.43819625 0.43473706
 0.41596166 0.44486192 0.41779859 0.4362859  0.42629563 0.45002057
 0.43578065 0.4152017  0.40982885 0.41187319 0.42424659 0.45107222
 0.45062597 0.44435434 0.47100204 0.45649873 0.45516863 0.47378042
 0.44580019 0.44516702 0.45205992 0.46905034 0.4230824  0.42473752
 0.42946002 0.41650355 0.43817625 0.45803468 0.40491507 0.43974913
 0.45874408 0.43149145 0.44533518 0.49395419 0.43817956 0.48006663
 0.44633481 0.45332753 0.47813257 0.47873423 0.40677959 0.4097115
 0.38609081 0.44751334 0.4096014  0.40825479 0.4400995  0.42867317
 0.42028904 0.43182428 0.40736588 0.45050321 0.43643592 0.43412951
 0.40809208 0.37828795 0.42807135 0.42687571 0.46686042 0.43316196
 0.42777382 0.44767958 0.42266005 0.40084298 0.40400258 0.463592
 0.41749331 0.38249938 0.40101819 0.40388601 0.50379242 0.41061839
 0.4206847  0.48051032 0.45253558 0.5187299  0.45036723 0.48232182
 0.41629883 0.46847334 0.4864274  0.45199665 0.38950245 0.38118615
 0.44796898 0.39282825 0.41599299 0.4033507  0.39584779 0.41715511
 0.40125401 0.4257142  0.44009779 0.39402973 0.46915498 0.40435741
 0.44303068 0.43795531 0.39620295 0.46571218 0.44813886 0.43522569
 0.51374614 0.40271459 0.49949591 0.5624346  0.49803243 0.44522146
 0.65051253 0.49395149 0.52502431 0.61391573 0.61597805 0.64878986
 0.83620841 0.81914528 0.67446131 0.66335977 0.47295296 0.69400015
 0.68985851 0.80569277 0.60793399 0.58616537 0.51747661 0.60240497
 0.56519892 0.52060447 0.4643279  0.6331359  0.45003459 0.60313859
 0.51497929 0.45008658 0.64176112 0.59852656 0.68538755 0.70514121
 0.65845311 0.62932208 0.55235086 0.53604622 0.52336509 0.53303828
 0.49322988 0.48312457 0.46416016 0.44604542 0.43013805 0.41362019
 0.40606616 0.44471786 0.40780319 0.39854973 0.38662565 0.41107691
 0.4285593  0.35477603 0.41316537 0.41298637 0.41388747 0.43526533
 0.46246998 0.47439156 0.44820426 0.46852201 0.48021565 0.45581579
 0.48395525 0.50876813 0.52552435 0.52796613 0.56240932 0.55592843
 0.5650358  0.52476881 0.51529493 0.51851848 0.50004509 0.4709523
 0.47484995 0.45105874 0.45012154 0.44931949 0.41880044 0.4243865
 0.4133104  0.4406858  0.42099145 0.39651935 0.4128495  0.40835492
 0.40503761 0.38371685 0.38996949 0.43813286 0.4146629  0.4013722
 0.42210163 0.42024342 0.43758004 0.42941205 0.41319871 0.42257897
 0.4359516  0.43288049 0.46391692 0.45720348 0.46172573 0.46953876
 0.46943933 0.48641156 0.46855322 0.50506464 0.51535359 0.45748976
 0.49760243 0.46009623 0.41936858 0.41864944 0.43409686 0.42667106
 0.40495562 0.41906347 0.41187781 0.41293631 0.42997826 0.43386319
 0.38948683 0.43679624 0.36680363 0.37000316 0.36089249 0.37230846
 0.39010043 0.35862445 0.41290787 0.38680502 0.39140048 0.36613859
 0.38252939 0.38127592 0.41106137 0.42145793 0.40419358 0.4079501
 0.42509104 0.41665295 0.41888356 0.42947632 0.39791892 0.4244132
 0.42116852 0.40147784 0.42471177 0.40910869 0.41716132 0.45063685
 0.43516934 0.43573821 0.38061889 0.37965122 0.38417794 0.37035615
 0.38569358 0.39745349 0.36920011 0.45756197 0.44036282 0.42123464
 0.42792056 0.39675741 0.47412337 0.42553536 0.45303137 0.35411631
 0.38310192 0.41215215 0.41045353 0.43912411 0.41747577 0.44204218
 0.38004068 0.39696006 0.41266806 0.38194747 0.36295172 0.38397629
 0.38800117 0.38475609 0.39999032 0.37997292 0.37515824 0.36544774
 0.40104577 0.3840946  0.38419131 0.37690812 0.38104658 0.40300957
 0.42836478 0.35613102 0.3935418  0.45033781 0.46704842 0.37429593
 0.45958168 0.49212286 0.42566015 0.46346876 0.51330773 0.44679159
 0.43513157 0.43345856 0.41088048 0.36745381 0.37907309 0.46480565
 0.43252877 0.40690937 0.4255588  0.38196703 0.41073425 0.42328873
 0.31556061 0.36913221 0.40037648 0.33527788 0.42091342]","[164.57242583 164.51866124 164.39866758 164.17995122 163.98598549
 163.82543132 163.83707409 163.59864766 163.23938197 163.16179792
 163.15141061 162.83793432 162.46721109 162.40781314 162.29728812
 162.18664816 161.75615232 161.48888768 161.46575249 161.33856226
 161.43461749 161.62176376 161.80427011 162.05829416 162.05220774
 162.26588834 162.37188534 162.67240263 162.69647099 162.83896777
 163.11102661 163.10926165 163.28598779 163.40438752 163.55428381
 163.83147061 163.91081905 163.99527164 164.13890223 164.17564098
 164.22014849 164.11569497 164.07430122 163.94808643 163.90314066
 163.64321583 163.3664014  163.18382889 163.05548213 162.90986627
 162.75104842 162.72023094 162.48165118 162.27632936 162.27327323
 162.07481003 161.85931456 161.52772164 161.56237414 161.29441808
 161.33837866 161.43085037 161.83756469 161.93878022 162.10881473
 162.15909489 162.45686747 162.29496244 162.54714515 162.53196655
 162.93743345 162.91857294 163.18035192 163.20314755 163.3301907
 163.50630607 163.6135686  163.69882586 163.88133277 164.05629415
 164.22667598 164.09138573 164.01186903 163.72040721 163.48375521
 163.35858253 163.37472038 163.10868503 162.93479819 162.92602541
 162.69424397 162.4632614  162.33150659 162.39657825 162.1550126
 161.71288306 161.61840598 161.58089524 161.39715267 161.14097178
 161.42091337 161.41723299 161.47979134 161.4737186  161.83074906
 162.05581783 162.16486351 162.2337234  162.40055729 162.83102837
 162.74629092 162.75049579 162.91310743 163.00898459 163.2695573
 163.48445152 163.42213336 163.48234984 163.5519974  163.81871501
 163.87618806 163.75937488 163.56893768 163.60355944 163.33117159
 163.17360401 163.04889005 162.97017534 162.80037311 162.48740838
 162.54756201 162.23443933 162.16463343 161.97070519 161.98743648
 161.57873476 161.45216499 161.37631676 161.22973644 160.88938914
 160.90006959 161.16411013 161.4180796  161.45665492 161.57799156
 161.87306211 161.89011789 162.02021245 162.13903975 162.3673975
 162.34613274 162.62901128 162.91712675 163.0857198  163.06692451
 163.32992754 163.5517413  163.37622715 163.44086637 163.39936751
 163.60308787 163.59085165 163.34090396 163.12460033 163.03586195
 162.98442079 162.60203796 162.26773786 162.13205717 162.16742556
 162.32654056 162.19723338 161.6551189  161.61971259 161.39447063
 161.41549728 160.87648877 160.70311792 160.84912237 161.1436856
 160.64862562 160.95768001 161.10022137 161.26055495 161.22935552
 161.50622388 161.69388328 161.76679751 161.98172333 162.61035426
 162.47277274 162.73302191 162.55491702 162.90967254 162.57468906
 162.90029437 162.91344866 163.32350384 163.28539288 163.221497
 162.89036444 162.90021729 162.70236198 162.77340968 162.68810267
 162.43084896 162.29305927 161.88592944 161.60069156 161.71061591
 161.86326446 161.16022576 161.67740035 161.66313172 161.3073495
 160.76980455 161.02493957 160.57996295 160.06258708 160.14194547
 161.2161303  160.38340342 160.92636357 161.64140604 161.49889571
 161.38676718 161.04001901 161.62420565 161.99280821 162.05002354
 162.07966674 162.0819902  162.2378602  162.20952487 162.43121347
 162.47794935 162.6578694  162.74146395 162.77820109 162.92382711
 162.58655734 162.89514706 162.70533988 162.39557644 162.4427612
 162.03712929 162.45884941 162.44295711 161.96968962 162.31166686
 161.94108021 161.77573035 161.85889348 161.22080458 161.31981961
 165.04141071 165.0877788  164.86228432 164.52912926 164.43662146
 164.23259204 164.21132958 163.7818359  163.62736516 163.3944455
 163.20390348 162.94129022 162.85021538 162.73115438 162.56823296
 162.24185922 162.11145451 161.87399032 161.36411352 161.55395886
 161.69447383 161.75416595 162.09657468 162.33739042 162.408685
 162.6419034  162.72091434 163.03860583 163.22280177 163.32969633
 163.45984118 163.50697947 163.63029794 163.79565426 163.83408453
 164.12623264 164.27795182 164.37931886 164.4831706  164.62824051
 164.46755956 164.44537562 164.16873865 164.06227216 163.87983028
 163.59598126 163.51615379 163.41463453 163.23005222 162.9700142
 162.77194187 162.64455019 162.35423134 162.0833629  162.02551155
 161.7326608  161.27898359 161.28907995 161.1280452  161.32381006
 161.69958521 161.98189272 162.26040648 162.22660552 162.33483038
 162.38555736 162.8957523  162.82047365 162.85693847 162.94583212
 163.11146306 163.33673167 163.45585727 163.59919889 163.77236388
 163.89521306 164.01174387 164.11903143 164.18099748 164.24325274
 164.13344455 164.04999157 163.86557888 163.76696915 163.64805028
 163.4458506  163.32305569 163.10756442 162.79014804 162.88429605
 162.58024174 162.62477867 162.27105971 162.1853412  162.02794407
 161.92809087 161.48299227 161.48675562 161.1458855  161.39351834
 161.63127599 161.75439744 161.68981745 162.07694558 162.35264541
 162.28234548 162.42235564 162.42730009 162.76798761 162.85256179
 162.94365321 163.18456711 163.43566027 163.43835163 163.37494337
 163.4835581  163.74988247 163.79792243 163.91723203 163.98079488
 163.8535107  163.85549382 163.65927484 163.6766714  163.59616316
 163.29664781 163.1418581  163.21104867 162.80709556 162.73299009
 162.36276505 162.1854288  162.20098493 161.68336313 161.89398451
 161.65111336 161.49287875 161.4283482  161.16152197 161.38923775
 161.24427366 161.65356169 161.96400342 161.92176708 162.11556037
 162.305081   162.36749816 162.52243847 162.64094585 162.70329956
 162.96818362 163.09707411 163.17100413 163.36248673 163.51156239
 163.45771443 163.57948892 163.67110964 163.84680349 163.91253047
 163.88332829 163.70310407 163.39479922 163.47996833 163.1623458
 163.02068973 163.0304536  162.49136771 162.77456278 162.79605425
 162.6246808  162.19780442 162.13947086 161.66633646 161.83198068
 161.91382489 161.6602451  161.52314433 160.99574555 161.34164584
 161.32439326 161.71631448 161.65648613 161.53572499 162.06633635
 162.34843774 162.64045594 162.77292582 162.60272115 162.82582434
 162.97024622 163.21940262 163.20863127 163.36882901 163.42219467
 163.48892401 163.86285806 163.51341124 163.95490916 164.9526404
 164.89063117 164.77281278 164.57132582 164.31051586 164.15252101
 164.06748825 163.82825721 163.63571909 163.41259478 163.23618391
 162.94172397 162.45560179 162.32387245 162.22858112 161.9148869
 161.68486891 161.53753879 161.80320955 161.941011   162.02748944
 162.41142682 162.44483223 162.40656715 162.61488089 162.56316545
 163.09418896 163.19440349 163.38144101 163.457368   163.66879621
 163.79005906 163.8864632  163.99521238 164.14150142 164.32447601
 164.58106818 164.62511637 164.84605267 164.52277897 164.48972935
 164.32746119 163.87704972 163.8354147  163.7307641  163.4329537
 163.19713327 163.13957346 163.21160556 162.96645871 162.76670248
 162.61208697 162.34122369 162.06090015 161.84781979 161.72492573
 161.50728388 161.41024513 161.75031163 161.62225079 161.86266265
 162.15385475 162.24036976 162.55785013 162.73310855 162.59530887
 162.87229594 162.99842794 163.13436705 163.22046361 163.35854041
 163.46252387 163.69603207 163.7866046  163.98473475 164.05595403
 164.13439269 164.33102816 164.40712186 164.18830752 164.08021276
 163.99449671 163.88026096 163.78768854 163.56912315 163.2699575
 163.28034671 163.05604092 162.95529968 162.67937009 162.24327686
 162.15931074 162.0594017  161.80342187 161.82818452 161.49992393
 161.40470762 161.51072496 161.71706525 161.54476574 161.9699222
 162.0889955  162.22144519 162.36274347 162.60236717 162.71853503
 163.05470805 163.12493226 163.30633583 163.44092171 163.4834082
 163.68298039 163.75483725 163.8531069  163.77649171 164.06103031
 164.1200533  163.95992895 164.01447532 163.83228721 163.69575585
 163.42440907 163.42680217 163.35726666 163.23754634 163.02467511
 162.77769744 162.40420861 162.25228465 162.07792813 161.86132294
 161.81796071 161.47131545 161.51758814 161.32805043 161.37181492
 161.40346605 161.74082065 162.12525281 162.26469015 162.34663979
 162.44410623 162.3927274  162.72685292 162.72851906 163.03480597
 163.25302544 163.36975455 163.32828378 163.55258159 163.68051052
 163.80258039 163.96663103 164.09472329 164.10190555 164.03247623
 163.92707333 163.74466822 163.6258513  163.38083347 163.35859109
 163.31105148 163.21268644 163.04941933 162.70802212 162.54585752
 162.43226252 162.16357539 161.92317022 161.83790112 161.75056622
 161.54665139 161.32679466 161.5565814  161.64418721 161.85318568
 161.97098715 162.2960872  162.41920783 162.44042426 162.45431846
 162.52712767 163.01919101 162.91415349 163.27295074 163.24267619
 163.52582686 163.69575275 163.58851617 163.63663406 164.013434
 163.94166464 164.22376144]"
